username,avg_likes,avg_comments,followers,price
top_mixx,13199.2,158.6,2001518,979000
majaleye_banovan,16569.0,276.7,1898104,1320000
bazigaran.iraani,5354.0,96.1,1874649,550000
bedaanim,23139.0,149.1,1866362,374000
Dr_holakoue,27273.0,371.7,1849980,660000
hamedtabriziii,384564.2,309455.0,2990064,5500000
raze_jahan,45311.7,1423.1,1886138,396000
Asheghaneha_,24914.7,553.7,1829499,220000
hashiyeh_plus,18549.6,365.6,1847175,726000
Hashiye.news,529.5,8.6,1787211,880000
wonders237,24487.6,134.6,1716310,885500
ketab_am,60486.7,758.9,1712644,1092000
khalagh_banu,3338.8,83.6,1650057,275000
Aroose_mashreghi,1551.8,17.4,1642833,110000
unco.fact,12877.0,841.0,1628587,957000
clipcartooni,4564.6,41.9,1647279,781000
BesTV.shows,23448.7,262.5,1978203,1430000
Filmak20,20036.3,370.0,1712794,550000
poozkhand.tv,3442.2,136.8,1543111,165000
Cinemaon,28700.5,435.5,1501280,1298000
banoo.page,18425.5,177.0,1503178,990000
perspolisfc.fans,29538.4,358.7,1487133,990000
honarmandan_mahbob,8396.1,267.8,1465657,528000
pias_team,11833.9,75.7,1446684,891000
fact_quiz,23091.3,742.9,1425794,902000
minimalha,9189.7,63.3,1460644,462000
majale.ashpazi,21108.7,161.1,1481907,682500
Zhele_tak,43252.8,329.3,1530436,385000
tazine_shik,11327.7,97.7,1414263,528000
cart0onbaz,22656.4,307.2,1385431,660000
b_Music_P,19008.9,318.3,1324465,715000
movie.pars,591.3,3.9,1325753,82500
akharinkhabar,15899.6,486.2,1370056,1485000
Dor__fa,8051.5,141.8,1323681,465300
VIDEO_4FUN,23676.1,492.4,1299997,6050000
Dam30_ir,468.1,90.6,1259022,550000
ahange.ghadimi,19247.2,659.0,1445534,242000
Salamati_pezeshki,7551.3,217.9,1254239,330000
khabaarnegar,1495.3,75.3,1271579,99000
razebagha.official,13058.0,321.2,1842437,385000
bekhanid_bedanid,15279.8,205.9,1248338,330000
Ashpazi.sahar,32423.3,619.3,1261989,418000
Bebin_Funny,13792.3,151.0,1224063,660000
Honar_khalaghiat,4010.9,20.4,1224100,440000
3Kansgraphy,32126.6,202.7,1199593,330000
the.facts,8668.1,213.8,1206524,165000
tbshaeri,10430.8,352.4,1174061,616000
I.wonders,9065.4,302.3,1259907,165000
tv.mez,261258.4,6338.8,1172363,4226250
Aroose_royaei,661.0,7.5,1147660,55000
beroozim,14371.6,571.9,1123888,660000
alilohrasbioriginal,46450.6,8853.9,1155260,3885000
Zhele_majlesi,10373.2,67.7,1108136,275000
afaagh__,61762.2,821.8,1214088,660000
Photography_pose,11062.2,210.9,1065636,550000
fact_bomb,13617.9,327.4,1062590,462000
Bermodair,581.3,19.7,1075953,165000
chikhobe,8509.7,152.6,1076363,495000
Majalle__zibaii,80.8,0.8,1070204,55000
fact_factt,872.0,24.8,1057486,60500
Bufilms,3842.4,76.7,1053543,308000
kadbanohaa,8395.0,83.8,1038648,605000
perspolis64b,1656.0,172.0,1033088,33000
mahditabriziii,158878.5,11493.8,1757066,2420000
Doctore_shoma,2571.3,78.2,1046188,93500
Molanagram,14384.2,656.8,1035877,880000
bad_fact,850.8,37.1,1022284,110000
khanomipaz,5416.9,49.4,1011287,385000
namakstun,5537.9,64.8,969595,550000
chehrazimag,30229.9,216.4,1010550,528000
mediapry,1214.9,26.0,974006,66000
Donyaye_zibaii,6019.1,148.4,953977,121000
Mehdisaremi_tv,51501.5,4227.2,1004454,990000
dubsmash_clip_ir,10025.6,529.8,1001731,319000
Golrokh,4607.2,50.3,982961,330000
azin.fact,11620.8,190.9,1050061,1155000
Bazigaran.30nama,12700.8,460.7,985907,110000
Film1series,1608.8,62.3,992348,165000
woowclip,878.8,10.1,970523,66000
90tv.official,29891.2,980.0,988026,797500
aroosetehran,1825.5,31.5,947504,77000
maze.gardi,15208.3,149.1,919623,1012000
Vayner_clip,1732.1,18.8,928788,110000
Ghalbeahani,20308.0,151.8,1105872,319000
imazhart,27389.0,538.9,926245,440000
video.vayner,1857.7,11.0,912879,132000
koodakekhallagh,13576.7,179.8,949843,935000
labkhandook,8487.6,65.4,187807,192500
Fane_mehmani,1417.5,17.9,897801,99000
fesgheliha_,4925.2,51.5,910569,38500
Deer.fact,3985.0,88.8,1352488,330000
_know_the_world,19354.9,412.2,910512,401500
pediaworlds,13099.5,711.6,905756,605000
big.bangpage,23683.9,363.4,904475,209000
yadegarihaaaa,6437.7,166.7,860659,88000
pico_film,-1.0,111.6,849272,966000
Timetanz,12895.7,282.9,847649,330000
Behtarin_clip,6532.5,238.2,821783,330000
Super9va,18778.7,425.6,880682,146300
tarikhi.fact,1702.9,71.3,826688,88000
tomojerry.lovers,8477.1,32.1,818125,660000
Pediamovie,17895.2,313.6,796696,319000
ajayebkaade,1598.3,75.5,853513,110000
histography_insta,16733.0,364.4,1128419,154000
manzele_taze_arus,960.1,21.3,813809,110000
Cudoiin,17902.6,707.3,807242,385000
danstani.pezeshki,9712.1,134.8,780024,330000
akhbare.fori,3354.4,240.9,779136,735000
honarmandan,5469.3,135.0,778098,242000
Topkade,6356.7,65.3,770107,165000
avamuzix,20597.0,297.6,795894,264000
Sweet_clip,6761.5,195.9,803459,220000
Movie_facts_farsi,19134.5,289.0,751165,583000
tvfactt,4359.9,110.4,747711,220000
NOSTALZHIKA,4162.3,70.9,753668,495000
ashpazi_mehmoni,5105.1,44.9,743456,367500
Aroose_m0d,2796.7,67.3,744855,49500
Ashpazi_page,2619.9,32.9,743152,110000
Befunim,17799.9,184.9,740978,672000
tor_ir,583.4,12.0,741854,71500
Sketch_architect,2172.3,8.1,768767,123200
Faratar_az_tasavor,5837.4,84.9,737876,121000
matn_e_naab,13258.7,247.7,755367,110000
Salamatezanan,11900.6,165.8,731025,630000
ashpazie.asaan,1465.6,14.9,721705,38500
honar_doostan,29.4,0.0,1247,330000
Aroose_royaei2,1385.8,17.0,700508,55000
dokhtar_one,1573.3,24.7,707019,88000
Sky_factt,611.2,21.3,699088,165000
Turkyemekler,11755.5,114.0,722906,165000
Darham.abad,6377.5,138.6,709091,99000
Filmo.cinema,3494.1,40.7,665107,275000
Shamimeshgh_,23511.1,480.7,692546,187000
avalrahmat,11838.5,453.3,698830,660000
negahememar,115.1,3.0,664973,88000
decor_mag,1658.6,33.5,667478,71500
banoo.nokte,4891.1,110.4,648238,231000
Tanzzzbazar,5887.8,72.3,661513,96800
Neembeyt,7902.6,168.1,632475,304500
ashpazie.irani,1533.4,19.3,628472,33000
Arteshs0rkh,5757.8,103.1,616449,242000
stylemrooz,5405.7,176.4,614296,110000
Tanzeiran,4876.6,115.5,626238,220000
ajibtar_az_elm,4059.4,70.0,612902,374000
Funny_mool,4192.7,78.6,698912,165000
Manzele_noaroos,615.6,8.3,603250,77000
zheen_magazine,43426.0,480.8,625312,561000
factche,15178.7,661.2,1104787,154000
iqsunn,13957.8,167.8,593924,715000
Majaleye_sabz,7545.7,170.8,596824,330000
Clip_chalesh,9050.9,123.2,725759,220000
nabgram.ir,1110.2,14.9,562585,154000
aroose_mandegar,1389.1,51.9,592083,77000
Osule_bakelasi,5860.7,92.9,600267,110000
Believe.change,2948.6,35.8,604117,55000
campec.ir,2778.6,64.3,595593,132000
jarchi,1971.4,64.7,619503,66000
Majale_ehsasi,1472.7,9.9,671455,55000
graphicroozane,3412.0,18.4,585706,1650000
deser_zardaloo,2484.5,25.1,596822,275000
Mehranmodiri_18,5425.8,58.9,587783,154000
Asheghaneh_graphi,3989.4,34.2,582582,84700
Chaakame,32784.9,341.4,612244,330000
Film_clip_ir,3362.5,174.2,549089,91300
bahambesazim,527.1,15.4,572233,27500
6taeea52,5747.4,148.5,580468,165000
smartdoctor.ir,516.5,20.9,576490,132000
royaiii__,28250.9,348.3,625087,165000
Havades_news,6555.0,239.4,543521,143000
bamanbedooz,3390.6,56.0,567221,880000
Armiin_elikaei70,113483.4,10976.8,2667888,1650000
filmbilm,355.9,8.1,635787,330000
Tanz_sora,3264.7,42.0,603646,110000
taj.kabire.asia,1935.1,190.1,572453,44000
Iran_specific_cars,7933.2,191.7,563161,330000
Zendegi_daneshjooyi,11680.7,158.5,555015,368500
Nabayad_mikhandim,42951.3,448.4,713243,165000
Kb_sher,3728.0,25.7,588622,297000
Tabriz_tanz,6809.3,216.6,698249,198000
gravity_lyrics,1695.8,15.5,537522,264000
clip_axmaxbax,3659.6,221.6,560257,110000
Hichismi,12785.2,93.5,699433,220000
Funy_kilip,3032.9,39.4,595350,110000
Pias_sport,5830.3,75.5,535105,220000
neveshte.royai,48554.4,424.7,596539,143000
Luxedrives,16687.6,482.0,533420,462000
karimbagheri6,10137.7,246.8,577778,176000
turktanzz,5093.3,60.6,528405,154000
lorazpam_0rg,610.7,50.3,538683,44000
caset_ir,480.3,10.2,521290,77000
mani_wizart,15647.9,373.9,486026,1100000
Mojeze.zehn.arezoozare,2224.3,94.3,512510,550000
Fcperspolis,6084.3,122.9,519079,165000
Lebasmajlesi.model,3666.3,35.2,522645,110000
amozesh.cake,14001.4,474.4,524097,330000
Paytakht.6,4082.7,54.9,924179,220000
Myg0d,20365.4,1337.1,769731,242000
shaaadshooo,4776.9,38.1,521360,165000
Ttsh_world,393.5,40.9,513728,132000
roozgasht,17048.8,247.4,1209503,209000
salamati_injaast,2513.0,21.1,510156,275000
Raazmedia,6027.9,91.0,625998,159500
Fun_tur,11587.5,117.7,700089,213400
clipmoviz,186.0,0.0,497911,66000
funy_fast,4977.5,47.2,560237,88000
architecturementality,367.2,4.4,502781,88000
ritme.music,6784.3,156.2,557045,110000
praduxe,7490.2,258.3,679795,352000
_soqout,7911.2,70.7,481968,275000
majale_trip,746.5,8.7,489749,22000
Tasvireroyaa,16466.3,478.1,488419,220000
Khaterat_dirooz,20400.9,502.7,507931,363000
decor_graphy,94.8,0.8,494645,20900
matne.khas2,15156.7,187.4,617629,440000
ghodrate_talghin,3824.0,58.6,486029,132000
kadbano.bash,2803.0,34.6,481069,110000
ashpazi_farsi,897.1,12.4,488042,35200
_baft_mo,18060.8,88.2,579303,198000
Cinema.bartar,196.9,10.7,466978,55000
bebinobesaz,2011.8,36.0,473233,110000
kadoidea,3180.2,191.6,576037,77000
Eshghe_minions,5147.1,29.6,453276,132000
desser.doon,1993.5,18.4,480691,176000
picoovid,5069.0,194.3,471736,154000
_uniquk_,5086.3,47.5,450433,220000
Khatoone.khone,6071.4,64.3,466154,143000
Funny_kilip,3350.0,46.1,470548,55000
shakouri_m,10179.6,564.6,485599,1452000
Matn.Nik,17447.3,165.9,637533,308000
Madarane20,3143.8,109.5,466226,220000
Deep_mach,2546.2,44.1,466574,110000
Khoshmaze_tarina,2151.5,24.0,459963,38500
aroose_najib,36.2,1.0,458970,33000
daneshkade_khayati,1148.8,24.8,459011,44000
janjale_rooz,1194.5,29.5,455968,33000
muzic.nex1,3118.0,75.2,458673,165000
Tonele__zaman,3470.1,62.4,456578,77000
saadigram,7697.5,127.5,455345,440000
Englishpersian,1704.8,36.5,437843,825000
persian.drift,4173.4,113.9,452281,154000
time_healthy,5610.3,51.0,443106,220000
toopcliip,5120.1,51.6,469797,154000
chizhaye_kouchak,17101.4,390.4,443734,286000
sazaavaz,1974.9,49.3,560488,66000
paitakht_6,6348.1,46.1,681427,84700
ashpazi.maral,5286.5,351.9,434963,187000
Love.gune,2907.5,105.4,445898,46200
Topteory,11660.4,240.4,462962,110000
Man_mitunm,6629.7,142.3,440788,209000
rangindeser2,388.9,4.5,434778,55000
sokhanan.arzeshmand,614.2,4.4,436096,88000
English_code,5070.6,123.6,560479,88000
fctaj,4242.9,195.9,453580,143000
Fariba.music,7730.4,146.6,801806,71500
sher_e_naaab,7001.3,107.3,495160,77000
textvision,3561.9,67.8,430778,165000
Park.kon,3214.7,72.4,571561,438900
cinema_Radical,2407.8,70.7,403281,110000
mostafakhedmatii,957.7,7.8,428474,88000
majaleh_lorazpam,594.1,47.9,424463,55000
Donyay_ashpaziii,2587.8,26.7,436863,253000
filimuo,958.4,5.9,427826,88000
Iranian_bodybuilderss,4005.8,56.3,411390,187000
khayati.neda,7698.4,86.9,482396,55000
Model_bala,6705.0,98.5,451048,198000
Aroose_lavand,314.7,11.0,429761,71500
paaytakhte5,1271.1,19.9,430383,165000
_zohreh_ghasemi,28816.9,3393.3,416052,1100000
Nabzezendegi.ir,5281.0,178.1,419008,110000
Kirilan_qalblar,18338.8,181.1,454596,132000
nimkhati,5299.3,209.1,408071,440000
sudabe.turkish.life,10124.1,262.5,423492,550000
ABBASAHMDII,87964.2,2520.7,882358,1100000
tap_fact,1464.5,112.3,425302,44000
Dorhami_video_fans,7820.0,69.6,510605,147400
Clipkadeh.irani,7813.9,83.3,445770,88000
Funny_tek,3181.8,42.4,514594,110000
torsho_shirin_,1852.6,23.6,411641,165000
Khoytoday,1902.0,27.6,422548,88000
_fitnessOnline,7984.6,81.0,438611,418000
armiamardanian,7390.9,720.8,421449,220000
Voroujakeman,2371.1,31.6,501584,27500
Sooti.show,5104.8,79.4,412743,330000
tarfandhaye_ashpazi_,1591.5,33.2,410573,80300
darman_pezeshki,2667.0,70.8,423172,71500
funybash,3356.9,38.0,501754,66000
Dialog.bazi,17182.3,156.2,407992,396000
tractorfc1,1233.1,37.8,404634,170500
Turk_clib,3277.7,142.2,410778,275000
Irani.actor,5231.1,457.8,415113,44000
naturefarsi,2407.0,41.8,395983,165000
skizoferny,8283.3,209.5,403488,132000
baroone_eshgh_,7385.0,110.6,407625,198000
khatami.76,3429.8,277.5,403738,330000
Energy_novin,1648.1,28.8,396181,275000
mahsan.sd,1206.8,136.7,408086,38500
bino.clip,3910.0,160.0,396830,308000
Pezeshkanbartar,886.7,12.0,397744,165000
younestorabi_ir,20430.9,251.8,405920,825000
Enerji_mosbat_bomb_1,6044.1,196.4,398277,110000
ashpazi_saeedeh,3361.8,53.5,403952,110000
playpico,549.5,7.8,400352,71500
khodaorginall,7971.5,177.9,405171,220000
aroose_pardis,504.2,10.8,392831,132000
Pezeshkyar_javan,2669.2,75.4,396870,71500
Aroose_yeganeh,93.7,3.9,418640,71500
majale_zanashooyi,1278.8,24.3,392179,275000
_bekhanim_,23376.6,457.5,436372,385000
post_bartar,996.4,41.2,385238,110000
PerspolisTehran,1809.2,77.1,397137,110000
oclip,524.6,10.5,414450,71500
caption.khas,9594.6,91.2,404056,154000
varzesh.vb,2544.8,75.9,644199,49500
top.p0st,936.3,34.9,373437,71500
slidebartar,10441.8,352.0,430578,110000
lenofact,2894.3,43.1,383230,165000
Siibgram,4267.2,67.2,393424,165000
Naghashikoodak_fatima,4260.1,205.8,382169,550000
fact_psychology,9729.7,109.7,420379,121000
aroose_vip,149.7,3.6,379022,38500
Shadi_yani,1990.2,8.4,377195,165000
ashpazi_rangiin,2727.5,30.2,389282,220000
Golchin.honar,2317.4,81.4,444131,79200
majallehkhodro,52382.5,4117.7,438745,495000
Makeupvideos_aroos,1047.1,11.9,381989,46200
Golchin_gram,6234.9,268.0,392690,220000
one_word_per_day,1600.0,18.9,357268,253000
majaleyekoodak,1039.9,21.6,366000,88000
zana.shooyi,5457.8,119.6,368670,143000
shakila64,3209.4,68.5,373825,110000
asena_clip,3267.9,52.7,369847,198000
Saharchef,82169.2,11506.9,735054,880000
azermusic,6750.7,202.3,370123,110000
Shahbanoo_olgo,1401.2,24.0,371045,33000
Matne.Nik1,17812.8,154.5,438176,2090000
golchine_khatereha,1909.1,34.1,369194,55000
Majale_salamat,3044.1,61.4,368998,38500
clipkade_ir,957.8,50.3,367808,99000
1danestaniha,50.2,9.9,372549,220000
Ghanonejazb_zare,2575.4,72.4,365607,132000
Bimozo,1872.0,37.3,354392,33000
Amirjahanbakhsh75,12048.7,891.3,364100,495000
Tv_funplus,2929.0,51.5,355456,165000
parsiwod,2019.9,146.7,365595,99000
tajkabir.1,1179.8,16.8,352556,110000
Motivationfilm,5839.1,610.4,359976,319000
mooo_arayesh,885.3,7.3,352869,44000
shur.o.shirin,363.1,36.2,355015,77000
zibapic,1580.1,105.7,355588,55000
Serial.tanz,0.5,0.0,14,96800
ASHPAZI_KHANOM,917.2,11.5,355804,55000
top_tourism,8536.1,188.1,359690,220000
Bebin_o_bedan,3820.6,137.2,376989,49500
Talghin_mosbat,5488.3,716.8,361005,165000
Lovely_trucks,7289.1,82.8,452119,275000
zimapoem,12911.7,293.6,345731,275000
Toyotagram_iran,6097.7,57.3,392038,308000
bodocomedy,4407.4,33.1,404368,121000
Narenjigroup,4103.7,50.2,329917,88000
Aroose_asall,79.9,3.8,343747,58300
hafezgram,5366.8,130.0,352048,440000
Sedamasih,15511.8,1591.2,347150,880000
Shadmehrlive,315.7,9.7,973,77000
Pias_day,2855.3,44.9,348578,220000
majaleye_modha,2275.1,36.5,339766,44000
factpact,5385.8,102.0,372114,220000
text.mosbat,4272.8,397.3,344966,275000
clip_kade2,836.8,51.3,343610,88000
cilip4you,1766.4,20.2,352666,143000
dadaigram,3915.1,23.0,330980,60500
Black__trick,1373.9,9.1,338816,183700
Dep_faz,2161.2,18.8,341847,41800
clip.mix_ir,2.1,0.5,48,165000
the_law_of_lovee,7102.2,1230.0,358973,108900
clip_axmaxbax1,11277.7,310.5,344171,77000
Clip.bartar,3796.3,149.2,328140,66000
donsgame,23950.2,617.2,343355,277200
Farsienglish,4252.0,127.4,328155,330000
iran_beautiful_ir,16703.4,358.8,469333,385000
Manto__roz,1139.0,32.0,465607,66000
asrejadid_official,4807.6,195.8,339739,99000
ashpazie_nab,2554.5,92.4,340253,88000
shahre_movafaghiat,4446.5,109.7,337051,110000
Memari_bartar,988.2,24.9,336047,165000
Mehraban.kindergarten,4871.9,195.3,330520,495000
Kice_Suzi,4375.4,107.0,352319,77000
pezeshki_beauti,3470.7,182.0,336115,104500
music.video.parsi,1939.6,25.9,342216,110000
English._.idioms,12123.2,89.3,429237,77000
hayatvhsh,12402.8,96.8,458854,198000
soonfact,124.4,1.2,328142,15400
iranimashin,44.2,2.6,448729,275000
Aroose_setare,120.7,3.2,329239,58300
Cilip_land,1204.5,54.0,326009,165000
khabar_fouri.official,392.6,15.5,333878,187000
Chideman.nov.arus,803.7,17.1,320094,49500
ashpazie_khanegi,1789.4,27.4,349821,49500
sh.k968,5568.3,54.8,335055,220000
Jopitar,12377.8,115.2,379100,385000
Lezzat_ashpazi,1922.1,33.2,328816,77000
pregnancy_science,938.4,105.7,331215,110000
khabar_beroz,746.2,67.4,358193,88000
cliphaaaa1,1660.8,81.6,321198,110000
Bavar_zehn,5588.0,518.7,318316,82500
Idea_maa,1158.1,26.5,316372,88000
mod__plus,715.5,9.9,319710,99000
houseplant_1984,3540.6,48.0,316211,2200000
selfmade_ir,6757.8,95.1,316424,198000
Fot_fann,1462.0,30.1,327723,165000
Bebinmanu,4658.2,48.5,295396,88000
Comedy.farsi,5231.9,41.0,342612,220000
ashpazie_samira,761.7,53.7,314808,154000
Persian.drag,2557.4,48.7,314547,110000
digiato,10171.9,215.2,385699,2475000
iran_carlux,3373.5,77.6,313878,110000
makeup_aros_fashion,538.3,10.6,417090,60500
Donyaye.mod.zibayi,641.0,11.8,377162,132000
Aroose_ideall,1504.3,17.9,306711,77000
homegym_123,1899.4,13.8,307667,110000
rouydad24.ir,765.0,23.6,307948,330000
makeupmodd,854.4,11.7,315031,38500
textfa_,9150.8,46.1,314331,1045000
gray_fashion,710.1,8.2,263775,363000
Honaarmaandan,1774.0,66.9,337482,33000
Jol_gram,4269.2,724.0,308096,319000
Pias_free,1990.6,23.4,304115,220000
Timarestan_irr,898.1,77.1,295273,110000
Full_tak,2922.8,75.4,299649,99000
Shikism,158.6,8.0,731,84700
Time.losting,3920.2,41.5,268021,176000
nikkarimi1350,900.6,45.9,305638,22000
arayesh_va_poost,2389.7,25.1,301344,121000
text_lahzeha,9285.7,85.5,324428,88000
behtarinha_ba_hasti,2539.5,93.0,310382,88000
food_somaye,16531.3,549.5,318813,440000
Fateme__mokhtari,233.6,144.4,299576,275000
antiki3,2948.7,76.2,307159,88000
Hamsar.naz,1866.5,83.5,390367,132000
business.books,3774.5,78.4,311093,660000
LEO.ORG1,75282.3,4153.4,1009985,440000
hassan_reyvandi22,8435.9,55.4,329772,38500
Idea_shiik,2470.8,71.0,345294,77000
eghtesaad24.ir,861.3,44.0,301904,220000
funn.clipp,2989.6,36.7,511809,60500
lindakiani4__,1006.4,16.3,299090,22000
Pic.khaas,4345.5,91.2,293644,176000
aliiiiiiiikarimi8_havadaran,3011.3,56.5,300460,27500
Magic.facts,3417.6,129.9,299298,66000
Sahar.clipo,5458.5,44.0,331777,385000
perspoliss_fc,7628.7,380.8,485605,121000
majaleye_danestaniha,1356.8,88.5,296352,38500
Ashpaziiiasan,1302.7,31.0,551427,209000
Caffe_cinama,2239.0,37.2,293306,55000
Sasankeshani,28274.7,1394.9,698988,165000
shiva_tarfand,965.9,11.1,292603,33000
Tarikh_perspolis,6821.5,250.7,358915,55000
Top_honarmandan_ir,4512.5,137.2,395763,72600
Pias_gym,5268.9,69.1,333560,275000
Steve_harvey_irani,9734.3,110.0,649988,275000
Manazeleshik,1737.6,17.1,284396,49500
azerbaijanlite,1556.6,25.4,290423,88000
Nini_video,7291.7,57.6,289333,159500
Matne.Baran,8371.7,67.0,336406,231000
Iranian_artist,2105.5,24.6,277704,66000
khodrobank,322.0,18.9,291400,121000
Sinaofficial_,352.2,9.5,281012,165000
didani_org,6259.7,346.9,581630,49500
ChaleshX,3698.6,28.6,286341,275000
Zhestakkasi,5107.6,96.8,331443,132000
music.salatin,871.1,12.1,287114,38500
bebin.yadbegir,2319.0,47.5,308866,110000
Film_clip_ax,5213.2,236.7,293620,110000
miss_go0lsa,463.8,26.3,286709,16500
honarmandanmahbob1,1966.1,99.8,296684,165000
lezate_ashpazi_irani,943.4,30.1,263718,110000
_andishe_mosbat_,2367.2,40.2,330728,66000
Thstreetlife,9243.4,93.1,291875,220000
shattooot,1296.7,17.7,268672,110000
iran_car_lover,8075.9,287.7,284537,242000
black_text,2634.3,40.5,280297,110000
Bekhanism,1815.0,26.4,289008,55000
Reflection_of_luve,8272.1,162.9,359904,66000
Soorikhand,4499.4,99.2,326822,66000
vaghte_yadgiri,2807.2,67.3,412665,110000
Aroose_malih,1103.4,22.6,282746,36300
siasathaye_zanane,3496.2,79.7,283111,187000
maral.food,3765.0,235.9,268698,110000
Majale_roz,9.7,0.8,300526,22000
MHRBAHMDI,137923.6,22807.2,1177825,440000
ir.aroos.center,434.0,6.1,274691,132000
music.video.pershia,1630.5,21.6,284010,66000
trocaj,2097.0,20.7,272119,66000
Shahla968,4927.9,50.6,276877,209000
tanzeirann,4852.4,123.8,526156,165000
matbakhe_khatoon,1195.4,25.9,272413,132000
architectural_design,319.0,2.5,50804,64900
206a,5340.0,146.5,283070,154000
zarintv,16755.8,151.2,335484,33000
kamiyondaran,4690.7,141.2,278373,198000
Doctor.neda,2346.6,36.5,270724,143000
Videocliporg,914.4,18.8,275347,275000
Mum_baby_food,1875.7,68.4,279340,220000
Hashemirafsnjani.ir,1747.8,44.2,263973,220000
textaban,5575.1,21.1,277705,935000
Zane_shikposh,905.0,27.0,270991,44000
khoshmazeha_,449.0,20.7,253298,110000
cilip_rooz,2767.7,95.4,274645,209000
vigiatonet,4953.3,204.4,296033,1870000
tanz.manz,2480.2,44.7,257372,165000
dokhii_art,809.7,35.1,263773,66000
naserbabakhanlooo,8604.2,400.1,357100,220000
ghahvetalkh.fanpage,5152.9,35.7,240115,82500
iranplantoriginal,3713.3,33.4,262477,165000
Kandushaqi,10450.1,162.2,350768,143000
behmusiiic,3338.9,70.0,282426,165000
Mosbato_bahal,1718.4,13.4,260206,132000
khaneyeh_eshgh,682.3,94.9,261483,44000
Science_technology_world,13915.5,303.7,269977,330000
Matnesmi,1.0,0.0,16,165000
Memesgraphy,2979.7,26.1,259382,330000
Tania_food,4628.7,698.0,250574,275000
clip_shad__,1530.9,38.0,257301,99000
elhamhamidiiiiii,1220.9,33.6,265016,22000
makeupvideos_zibaii,888.0,12.3,281271,49500
music.sabz,1425.5,9.9,258874,77000
Ashpazi_ba_bartarinha,14662.7,199.7,280681,165000
deltangi.dokhtarone,7962.6,361.2,262442,220000
clippp33,1063.5,11.3,8650,66000
Mode.graphy,7623.3,180.2,249881,209000
weekfact,217.0,5.3,258689,14300
Khabar_truck,9117.1,268.8,273039,330000
dialogue.mandegar,4508.9,41.2,258019,66000
ashpazi_vatani,873.6,32.3,240002,110000
naghashi_koodakesalem,1352.8,8.5,254127,99000
Moshavereh_steve,9468.6,137.2,333258,88000
shahinikoo,11074.1,1086.3,235001,165000
Per_facts,1569.5,21.6,249792,77000
Miniongraphy,3855.2,34.0,245434,99000
Pishdabestan.rahmat,3013.7,76.0,252007,330000
Zhest_naab,37.6,0.1,5568,27500
Ir.danestani,11547.3,128.1,213637,121000
english__education,1950.3,60.6,253821,49500
banoye_ashpazz,1555.3,20.9,262384,220000
pokhto.pazz,1349.5,16.7,262855,143000
musiczik,7770.8,48.7,254467,330000
Dr.sarraa,2343.2,29.7,247999,165000
honarmandan__tanz,926.1,13.7,289966,44000
Naghashi.koodakane,1307.2,11.0,253634,96800
Tehran._.news,1153.3,47.3,253132,88000
Fact_macting,1139.4,80.9,262582,33000
pelak_arvand,4508.7,135.1,248990,55000
Text_hidden,4574.0,63.6,244750,44000
iran_top_cars,7430.2,163.6,249772,242000
tarahi_dokht_khanomii,796.6,5.8,250717,38500
caafe.music,1466.2,14.4,246617,88000
kardasti_koodakaneh,2330.2,25.7,252882,110000
Nasir.baloch68,12434.3,429.0,248831,16500
parsabad_today,8665.4,433.2,265336,330000
clip_kade3,674.6,48.5,244085,55000
videokadeh.tarfand,2072.0,46.8,265936,110000
farzandnet,3420.6,106.6,239338,220000
Nabz_zendegi,2497.7,180.2,245436,107800
perspolis.fanz,3577.8,46.7,235618,110000
Khandaloo_oo,3268.7,19.6,264749,96800
Just__zhele,776.6,9.7,233630,61600
saeed.mentalist,5390.0,200.2,245047,5500000
Tanz.clip.ir,7478.3,83.5,374930,36300
1alisadeghian,6789.4,672.7,370174,770000
kootah_boland,5430.7,116.5,240836,165000
radicalfact,1014.8,30.6,230326,154000
animationfa,4600.3,38.0,238837,330000
baran_musical,1844.2,31.4,244306,27500
Tavalod_irani,2700.6,43.3,233636,93500
Pokidam.az.khande,1430.5,19.6,234101,146300
Fitness.pars,5166.4,50.7,315711,110000
Maragheh_az,4556.1,81.0,294785,275000
majaleye_ashpazi_khob,499.1,28.0,230788,110000
Parvaz.Nili,3016.8,19.2,240391,88000
faceless_facts,10348.2,87.7,212392,99000
ashpazi.golchin,766.4,15.0,235899,44000
dali_bazar_tabriz,5778.7,62.1,334480,110000
afkar_khis,1745.1,39.2,233313,110000
Tarfande_khanedari,2984.3,50.1,241592,176000
histoo.mag,712.6,20.4,228262,44000
cinemanews,14.7,5.7,312258,367400
Iranian._.news,815.7,18.3,238725,55000
sajadnazariifar11,4499.6,82.7,271442,110000
Ashpazi_kadbanoha,1658.2,22.3,236162,110000
artist.irani,6.1,0.1,189235,33000
sirkhandkade,3819.4,19.0,250354,55000
_zibaeeeeee,1570.6,49.8,229732,55000
zhabizart,6314.4,52.3,230678,220000
shiriin_assal,2289.0,20.9,229267,99000
banooyenemoone2,4781.1,57.0,239773,77000
Anything_interesting2,6049.0,99.9,241168,33000
clip_ashpazi_irani,1107.5,37.5,220848,110000
engareh__,98.3,6.6,186923,88000
tajclub1945,890.2,149.3,248716,88000
kafe_zendegii,6.8,0.2,703,38500
Terazhdi,17647.2,214.1,614420,297000
Energy_mosbat_angizeh,1961.8,98.2,231763,115500
Amirhosseinaslanian11,3467.7,70.0,230791,275000
amlaak_ir,187.0,3.9,227841,18700
mother.official1,8330.1,76.9,240002,55000
Magic.kadeh,3275.5,131.5,227754,66000
Sarashpaze_irooni,176.7,1.6,238612,66000
mahsa_aghadadi,17025.5,653.9,239283,792000
Danestaniyha,1707.9,80.7,248399,33000
bekhaanim,3366.1,24.0,229012,132000
honarmandangram,298.2,26.1,226709,22000
shima.rasoulzade,54519.3,1514.8,362323,495000
saladekhoshhal,6178.3,39.7,231627,302500
Lor.irr,1374.7,64.0,298214,22000
Ideafantezi,1059.7,11.0,217726,71500
Video_4persian,1376.8,35.5,213748,27500
khandeh_khandehh,1548.2,30.9,250320,64900
azerbaijanqizi,1727.6,33.6,272324,66000
khabar_hashiye,606.3,43.8,237030,88000
yadbegirim.ir,1365.3,21.1,239691,110000
Shekvehaa,8155.4,180.2,215871,280500
Music__neveshte,6311.5,51.5,218664,77000
Kadbanooirooni,1420.8,38.1,225743,33000
Benita_jamshidi,7370.6,821.8,218273,330000
Deser_shiik,1017.5,18.8,220734,27500
Steve.farsi,6732.3,115.6,228714,66000
Bakhtiariha.ir,3520.6,121.7,237467,165000
niniclip,5179.9,46.7,224727,880000
estghlal__news,5749.4,174.7,256218,44000
tvjanjal,1335.0,77.3,203398,49500
Toolbox.ir,1902.7,62.6,253757,33000
Aroose_tannaz,2178.3,80.3,221974,33000
mainfact,1327.4,68.9,212888,99000
Universe._.news,731.2,14.9,222224,55000
ashpazi_ba_herfeeiha,2764.1,57.1,234232,88000
majale_art,2733.2,86.0,264494,44000
farhadzandvakili1,164.5,1162.9,215433,165000
sibsketch,2596.3,28.3,226677,220000
jahaze_aroos,170.5,13.9,214957,48400
Music.khaas,722.3,17.6,238564,121000
hassan_khan88,19140.6,1260.4,225395,990000
Peyke_sakhteman,804.7,22.4,218668,165000
Twitterfarsi,15588.2,470.7,236722,275000
Varzesh__banovan,923.7,48.2,217859,66000
Ashpazkhanum,1069.4,56.6,226135,44000
Havashi.toop,274.8,85.3,225379,77000
ketab.gram,666.7,29.0,211525,55000
Perspoliskhabar,1804.9,48.9,257262,220000
perspolisi_esi1986,640.8,14.3,213582,15400
delbar_nevis,255.1,15.7,210291,38500
signalemosbat,5584.1,129.3,203864,165000
Only_maquette,1050.1,5.4,223664,72600
khanoome_no0on,1283.1,17.4,212906,110000
Majale_sall,35.8,0.5,216126,11000
textimix,9450.3,60.6,231608,181500
Pezeshk_irani,1035.2,44.9,214466,49500
ezdevajgram,3951.6,47.9,215147,92400
Majaleh.ir,4015.1,234.6,415588,110000
donyakenar,162.8,3.5,213148,13200
clipmix1,620.9,5.4,237639,49500
Timesfact,375.2,75.5,197019,60500
Wildlife.golden,3258.0,42.9,291377,66000
zhele_bano,4202.7,29.9,203106,319000
academy_zhele,619.7,9.9,208336,61600
go0d_mo0d,1721.2,16.6,207798,27500
bebinkoochooloo,407.5,4.3,208270,33000
girlie_texts,1397.3,56.5,209450,88000
Munsters.offroad,1611.2,16.4,207746,99000
Textsmovie,24503.9,847.1,365537,220000
Shokhi.bazar,3749.2,64.5,263501,60500
_khodaa__,3246.5,107.4,216257,108900
banooye_khonedar,846.3,16.1,215924,38500
clipkoshti,3333.4,40.8,207575,24200
gooshegram,5152.4,79.6,205988,275000
clipnext,595.1,6.7,207430,38500
manzele_royaeii,352.8,7.9,203519,44000
Text_yalnizlik,662.9,10.7,192168,55000
Baft_golenarges,3384.3,137.7,206096,55000
Mod_fashione,1465.2,79.9,206690,55000
Faxfact,1117.4,18.0,201586,82500
pediamag,4909.7,116.7,194242,110000
jameh24_com,414.8,13.9,202721,220000
Aroose_delbarane,884.9,40.8,208899,38500
Shiraz._.news,645.3,8.3,207814,55000
honarmandan.official_1,2812.2,49.0,197380,275000
Interstellar_space_ship,1210.0,30.9,232065,44000
ad.farivar,457.8,6.3,201252,275000
hesse_naab_,4267.9,42.7,210899,55000
pic_chilik,131.5,11.0,198141,38500
baby__mag,589.1,17.7,225504,27500
videobaz.tv,1611.6,37.8,197115,66000
perspix,4408.1,353.0,217931,88000
matnehsasi,559.5,4.6,209559,66000
arayeshe.aroos,673.2,42.1,203381,55000
shootbalista,-1.0,170.7,201504,253000
Factmact1,203.1,4.6,192963,38500
today_m0d,59.4,1.3,202249,6600
Clip_aroos,595.3,10.5,199900,55000
cinema_lovers_forever,3810.0,91.1,203890,176000
Text_lunatic,1069.1,6.0,199391,38500
clipcheh,2059.0,82.5,199650,55000
carworks.ir,1329.0,23.4,213540,165000
Aroose20,17.7,0.8,200196,16500
Azerbaijan.qizi,1904.9,56.2,212820,165000
Kkto_os,41218.0,190.9,379536,528000
Olgo_leyla,925.3,14.3,196757,123200
_funkadeh_,1242.1,25.5,179322,44000
tarfandestan2,763.8,8.2,196844,44000
koodakesalem,3922.4,85.8,198164,99000
patoghe.ashpazi,3113.3,29.0,199454,71500
Aram__org,1409.9,84.3,194712,22000
Yare_mehrabani,2544.6,80.8,196414,220000
thezoomit,11200.0,238.0,322142,2940000
virgool_official,1447.6,36.9,197538,198000
ko6ti.ir,3131.7,50.1,198198,33000
dovom.rahmat,3492.4,115.7,216268,220000
Girly_artt,319.3,10.3,189876,22000
alpha.fact,105.7,34.1,196137,93500
Farsimoon,1274.7,9.8,185528,77000
Limoobin,1.0,0.0,22,77000
Delsokhan,51.8,14.0,460,66000
Uberfactsfarsi,2994.8,117.4,223863,55000
arayesh_malih,409.1,27.9,208773,132000
Sardarg0mam,1020.6,5.9,192983,110000
khatami.yazd,4703.0,264.1,196807,231000
eshqh.man,1875.1,52.0,193911,66000
Mezon_kiyana,1235.1,15.3,269220,220000
ketab_bozorgan,2044.5,13.1,189942,77000
iraniimag,134.2,3.3,197305,11000
Pooshake.lachak,394.4,22.6,233431,132000
Pezeshk_dr,1628.6,57.8,193847,49500
farhangelagh,11705.4,463.0,206452,110000
siya.sefiid,12327.1,199.0,199827,88000
banoye_khallag,875.1,16.5,188745,66000
Naser.mohebi,7710.9,385.4,191173,11000000
jol_farsi,2982.0,322.3,190459,330000
Shaeranne,35217.7,234.8,483384,220000
gabi__ir,4283.7,54.1,194963,440000
Raha_nazerii,141.9,1.4,191173,27500
Radioesteghlalpage,4603.7,132.3,226189,33000
aroose_clip,62.1,2.3,189866,38500
manot0_,1105.9,28.5,189155,48400
video.music_clip,164.7,0.4,189753,33000
Sports.ladies,1112.5,60.6,190660,60500
Tarahan_nakhon,655.1,13.6,183345,38500
sirena_amini,1570.9,11.3,186151,104500
Tik.seda,2331.7,58.5,188927,66000
iran_musical,3147.5,82.1,193925,33000
ensanifact,7958.4,263.1,194669,77000
soheilsabett,2691.1,220.6,187597,440000
Dialog_pazel,261.9,0.7,178146,27500
idea.khanomi,904.8,25.7,186162,55000
nab_banoo,585.5,2.0,176224,143000
inhashiyeh,6325.9,124.5,192534,275000
hee.vaa,4885.5,83.6,184771,49500
zarringhalam,429.7,22.9,627,66000
Doctor.halakoie,2518.1,43.6,185130,88000
khoycity_az,2181.3,52.8,184563,55000
Feelmio,2189.1,24.3,176002,220000
Arch_land,1665.8,36.5,183989,55000
textenergy,777.9,13.7,177592,33000
Hashiye.ir,397.3,25.4,187779,60500
worldhistory.ir,877.4,29.1,178277,49500
jalebtarin.fact,195.0,5.8,181159,22000
Architecture_Contemporary,295.8,3.5,187382,55000
Full_new_day,1873.2,40.4,202875,121000
manokhodaam,4496.6,139.8,182116,77000
iranianarchitect,701.3,10.6,205895,110000
hamsardari.nab,2398.2,131.3,186287,104500
kaf__khaab,2808.4,33.2,188965,39600
topcaptures,10425.5,58.8,209559,165000
Honarkade_irooni,994.2,16.4,175296,44000
harfam_official,2482.7,27.8,210245,38500
Axmaxbax,462.4,24.5,177003,66000
Honarmandan4,764.2,53.6,179100,44000
shikbedooz,1907.8,37.7,254160,55000
sheare_parsi,2412.2,24.3,186479,66000
mix.kade,3040.5,42.0,325637,44000
Mosahebee,1580.0,50.1,177648,27500
gitizoom,170.0,4.5,178052,16500
Art_f0r_art,1866.7,18.5,174591,77000
Shabaab_alahwaz,1944.5,84.8,197010,22000
Biya_biyamoz,925.1,7.4,175317,27500
khodayekhoubam,2017.8,45.0,174516,88000
Modstylle,1048.5,13.5,173656,38500
estghlalgram,2678.9,59.4,199289,990000
bamdad_cars,4570.0,53.6,187746,165000
sara__iiiiiii,3334.9,236.3,169304,385000
esteghlalkhabar.ir,4113.2,167.7,302853,165000
honarmandan_eshgh,108.5,1.6,176197,3300
Tabriz_ct_official,807.5,29.2,175883,550000
mari._.gold2,8134.4,121.4,178525,176000
Asheghane__khoda,3336.6,39.1,165690,77000
radiokhat,1253.0,37.7,167708,33000
animal._world_ir,2522.7,36.2,355939,55000
dalghak_insta,887.6,38.0,190758,11000
_movafagheiat,1187.0,15.6,171921,27500
Tabiat.gardi.ir,8765.1,169.2,351010,187000
cafegardesh,9763.5,134.9,178330,165000
Mottahedine_sorkh,2058.7,57.6,196534,33000
tannaz_khan99,117.1,3.4,1816,660000
acardeon,13223.6,189.6,167682,154000
labkhande_halal,682.2,22.5,170929,38500
RadiofyMusic,1494.5,57.1,166505,27500
Mohsen.yeeganeh,1029.9,23.8,270083,36300
Valehala,8171.2,90.1,32533,165000
amoozesh_honar20,1070.2,9.1,165990,55000
idea_va_khalaqiat,823.4,6.8,166869,44000
Labkhand_tv1,2460.2,175.5,211755,52800
teatraj,7698.7,364.2,164846,38500
clip_funtori,3070.1,33.2,213105,44000
shik.o.pic,786.1,11.0,170860,27500
Clipe_honarmandan,2401.6,238.2,184319,55000
Loveoops_art,1180.8,37.1,206391,22000
Iranian.khas,604.8,24.2,224128,88000
ardabilli.ir,2379.5,78.8,174726,137500
Video_Love20,1046.1,36.9,151257,44000
Koodakidea,387.5,2.4,166405,19800
ssnews,516.1,30.5,167524,55000
Persiian_text,19132.5,318.4,167475,55000
Txt_White_black,1884.6,29.4,163238,82500
ashpazi_shikopik,1157.2,39.2,172931,44000
tarbiatgram,5074.3,81.5,166475,91300
hamedeahangi_fan,8933.3,85.4,333800,33000
Behshadmokhtari,2753.3,179.5,164121,220000
gozide_kotobe_movafaghiat,0.3,0.0,50,37400
chi.bepooshim,1005.8,21.2,157471,38500
Aroose_adineh,1163.1,35.7,166345,44000
Cinema_ladies,1047.9,27.4,170030,198000
Banoye_ideall,1098.8,35.3,159453,55000
Viewtxt,8327.6,181.6,156401,275000
tarfandeasan,565.8,157.7,160980,121000
shadi.kade,2030.0,64.2,197900,22000
foumix,1930.6,16.3,166381,60500
REDARMY_IR,6241.0,3.4,157135,33000
Hame.chizz,1050.0,20.7,137645,33000
Foocoball,9780.0,53.7,171368,91300
taranenab,11850.0,393.0,294947,165000
Fit_healthy_momies,884.7,6.3,159726,44000
Khabarooz,1552.4,97.1,165199,88000
odin_valehala,8483.5,84.4,494290,110000
3khandeh,3331.0,38.0,219322,110000
Iran_4fit,863.2,27.1,166662,66000
Fote_ashpazi,578.6,13.1,158008,110000
vahsh.iran,1426.5,8.3,212090,66000
wiki.cartoon,687.6,5.8,162069,55000
Jazabtariin,1737.6,61.4,203664,33000
molana_parsi,1988.0,59.3,163155,66000
bazigarangram,321.6,48.3,160229,22000
Vahidrahimiyan1,6603.3,129.0,158400,3300000
Mohamadabasi.official,2009.0,515.1,166053,55000
ideh_ziba,472.4,2.0,152025,49500
Idea.nabb,353.3,5.4,141923,55000
vistalux.ir,485.7,17.7,159908,42900
Resturan_gardi_tehran,3104.3,48.7,200592,110000
Arezooye_asheghi,912.4,19.4,223095,22000
dialognab.ir,19565.9,232.4,862239,121000
soheilsangarzadeh2_fanpage,4504.8,258.2,180036,93500
Star_cliip,684.8,10.4,152253,77000
lux__decor,1612.5,36.5,236461,165000
Yoo_bro_org,2213.2,19.8,144150,44000
pouyammohammadi,7847.1,1924.7,488134,181500
bazioshadi,3734.0,51.7,155981,137500
havashikade,653.1,39.8,166251,77000
koodak.joon,7067.6,45.9,194247,352000
raminashop,770.3,56.6,191946,275000
honarmandan.stars,1149.8,22.5,199380,198000
Musavi_zah_ra,10063.8,311.3,157183,440000
asheghaneha__70,3290.2,27.8,184840,88000
Diazppam,3519.5,95.6,153549,123200
ya.imam.reza,6945.6,212.0,157741,77000
joel_sentences,4626.6,432.3,153088,220000
Aroose_shikee,1614.0,111.6,158747,55000
model_lebas_set,1072.5,22.1,153071,38500
Kaghazsepid,30586.5,244.0,163315,275000
hes.khalse,1420.3,35.9,153076,29700
Deser_tameshkk,748.9,6.1,150482,110000
ashpazio.khanedari,813.0,10.4,153675,49500
cafee_muzik,2257.5,23.4,151775,110000
Idea_craft_lady,771.1,14.1,149656,55000
sherographygram,2748.0,17.0,152383,220000
Vid_mid,375.3,5.8,142790,66000
Majaleh_rooz,143.5,5.8,163952,16500
magzo,11004.1,225.8,155701,187000
pezeshki.mag,360.5,3.9,151601,27500
succucactusss,2788.9,11.1,150417,88000
3kansbin,944.9,14.2,158173,33000
Arroosta_truck,14753.0,306.3,251059,220000
_mode_top,612.8,13.3,138121,44000
ho3ino0,12746.1,367.1,135255,110000
Vaazhe,3476.6,36.8,159143,55000
persian.style_,1001.3,42.0,14688,22000
clipmix_,629.7,13.4,149680,38500
Shicgraphy,1145.2,47.3,136770,66000
jomlaax,4968.2,92.6,148668,55000
irgardesh,1554.9,24.0,151336,82500
spongbobegraphy,9271.5,306.7,143823,66000
Tike_khafan,19.9,1.1,61,33000
ax_zhest,1182.9,14.3,166387,33000
Home__mag,550.7,15.1,152690,55000
automobile.gram,140.1,1.2,168699,55000
spinerplus,641.1,29.9,153842,77000
Mr.angizeshi,973.1,18.1,153519,99000
istgahe_honar,2332.3,28.4,144941,66000
kharej_az_shahr,965.6,20.1,152605,82500
Jornale_aroos,537.4,8.3,148086,33000
funydoon,2705.7,75.9,174937,60500
karaj._.news,753.9,27.9,164874,55000
Noqqte,529.4,4.2,138128,36300
Persepolis_news,1542.9,52.5,193516,48400
neemmag,5336.5,176.9,351551,220000
doctor_salamat1,1090.0,15.2,154002,99000
biamozim_ir,1445.6,21.4,170420,49500
Qazal_e_farsi,1764.0,16.7,139580,220000
shirazihaye_bahal,850.5,33.6,141890,88000
shiik.style,349.9,23.5,142985,16500
Luxury_prof,10027.4,265.5,153214,108900
esfahan_web,499.2,31.0,145735,82500
Puniism,6671.3,166.3,183162,99000
civil_page,591.9,9.5,147011,33000
dar_hashiiyee,776.1,18.6,147101,44000
cinemaserial,927.5,24.0,168553,55000
hotappnews,1103.9,43.4,140863,143000
troll.long,1605.1,35.4,144809,55000
Style.honar,83.7,1.6,142861,16500
cafee_turk,1374.3,16.1,142340,110000
clothespediaa,1627.0,1.4,141651,22000
teknik_oficial,5258.0,139.6,135920,88000
cleep22,686.0,18.5,143209,16500
Ashpazi_baa_narges,1500.0,42.4,147753,16500
funfootnews,9046.9,185.4,158452,132000
pico.matn,1791.6,32.1,159013,55000
hayajan.fact,244.9,5.4,141772,22000
Fact_cool,235.4,8.2,180062,44000
hamsareh20,3018.1,53.6,140663,143000
shegefti.fact,477.2,15.8,143695,33000
rahmattadris,1273.2,19.3,143446,220000
Cake_decorationss,3014.7,196.1,149997,165000
makeup.by.negin,929.8,29.6,190209,48400
Iranian_chefs,889.1,16.7,142232,33000
Construction.ir,654.2,13.4,141649,110000
pagebanoo,729.2,40.2,134348,33000
Hamadan.tanz,4926.8,177.0,184200,110000
hamed.ahanghi,1117.3,12.5,155669,44000
tanazoe_bagha,1034.0,23.1,187663,48400
Behtarinhaaye__man,1355.4,37.9,151562,55000
Hairstyleformen.ir,701.4,16.5,174240,49500
Jubique.art,4901.8,65.2,178339,121000
elham_modern_decor,1056.3,52.0,157067,220000
alirezakharathaoriginal,0.5,0.0,180,55000
danestani_clip,153.0,2.7,138625,110000
kidz_cutie,1576.3,18.3,171890,55000
kafsh_golsa,70.7,2.0,138103,44000
ir.drift,1518.0,36.9,135002,49500
Parsstyle,29.6,0.1,130386,22000
Steve_persian,3693.8,69.0,137257,55000
Golestan_official,3119.9,57.8,156912,55000
Musicabadan,112.8,3.1,189747,72600
Paparazzi_org,2224.5,99.2,138870,44000
mahsaa_hawrami,5042.0,102.4,417921,55000
fc.esteghlalclub1324.ir,1966.1,30.9,159388,36300
Aroose_naze,202.3,6.1,136106,55000
Maman.Sepehr,3433.8,55.9,136426,55000
kaf__khaab2,6036.8,26.2,153699,33000
Narges.art__,398.2,8.6,135866,22000
aroose_mahee,211.0,5.4,132852,55000
bedanim_ir,4006.1,74.5,199276,49500
mamaei.javaane,777.0,7.6,132865,11000
bavar.kon.ta.bebini,4090.2,632.6,137693,42900
ahmadvaaydaa,5036.4,72.4,139933,132000
Havashi.janjali,5400.1,113.6,166925,44000
khoda_txt,5297.2,164.4,176328,33000
banooiyat,1052.9,17.4,142076,49500
Footballe_ziba,1938.1,56.2,135666,24200
Gygart,2484.4,37.4,136084,110000
farmersiran,906.6,30.6,221820,79200
khayatinedaa,2443.9,34.5,149690,22000
prof.luxury,2463.7,34.5,106275,44000
Fcparspolis,761.1,19.5,129420,16500
Zhussim,3155.6,81.0,134215,96800
Fcesteghlal4,3270.4,97.7,145737,19800
ll_mehran_ll,172.1,4.5,139837,55000
Micro_movie,0.1,0.0,0,55000
direfact,964.2,75.2,194268,44000
Emperaturi.Sorkh,1418.9,21.6,134590,13200
uefaclassic,2690.9,134.7,152089,143000
booklira,10624.7,420.9,219893,143000
estghlal.fc.news,4633.8,206.1,150679,55000
goharansher,5365.2,44.5,134191,110000
dessertworld_loverss,374.6,16.3,130744,49500
zibatarin.goll,6828.3,152.2,140857,44000
Shalvarbandari,192.1,0.8,132887,49500
zibaie.mag,1176.0,176.2,136786,99000
keshavarziiran,1571.4,42.2,205201,75900
baby_khas,600.2,7.3,150644,13200
artnegashteh,2290.6,69.3,128006,165000
estghlal_abi4444,1593.9,44.8,144983,55000
tlou.official,1324.2,53.8,133079,55000
celebrity.pic98,196.8,6.4,131058,27500
asrarejahan.fact,473.8,5.5,134941,22000
Honarhandmade1,1255.9,17.0,129919,38500
danestani_rooz,74236.9,2517.9,6192507,2415000
mohamadaminkarimpor,141943.4,8553.2,5061518,4928000
cook.mag,101952.7,1001.9,4858879,2024000
banooye_khone,64218.1,526.0,4208707,1050000
varzesh3,34381.8,684.9,4159199,1785000
Shekamoo_haa,51850.8,597.1,4020188,1518000
khoda,119791.8,5441.3,3509971,1995000
Whats.fact,39713.7,936.3,3343264,2024000
beauti.mag,34844.0,851.8,3147016,880000
hashiyeh,38957.0,1067.2,3155138,1244250
Play.ir,38557.8,508.5,3074653,2178000
sosfact,6401.3,127.4,5674536,660000
salade.shik,75670.7,621.7,2761885,440000
dokhtaranmod,12184.7,243.7,2366965,528000
danestani_pezeshki,30528.7,752.8,2312155,264000
hidden__worlds,40810.0,1489.0,2293868,885500
zhuaan,45520.0,1480.3,2282329,1144000
doctor_khabar,50861.8,1121.7,2238203,500500
nasle20,25586.0,329.7,2214312,315000
_aghoshe_to,68340.8,830.6,2300247,1265000
music.beruz,19821.6,716.5,2099490,792000
3kansbartar,48114.4,311.1,2167136,1155000
ashpazi_khob,9723.1,156.7,2055121,660000
Irani,21936.7,513.7,1690113,605000
Klonomi,29001.9,786.0,1621560,660000
boximag,43641.1,669.8,1615364,627000
music.tiptop,21984.4,332.1,1514939,990000
Mixx_Pixx,444.1,0.5,1450456,1210000
ino.didi,643.0,72.3,1282993,1210000
dialogism_,14466.7,463.3,1182556,231000
sajadgharibiofficial,137412.8,20362.4,1013008,6037500
tarikhi_fact,2226.0,79.3,1074157,110000
Chiko.pedia,17088.5,487.8,1016274,165000
boxifact,14984.9,271.3,1034609,550000
shahre_mashiin,13054.1,211.0,1003485,957000
Dubsmash.irooni,5318.6,165.0,971342,220000
tanznamairan,5075.4,64.5,928425,220000
Wildnature.ir,15558.5,285.4,1500430,182600
radio.ghermez,124581.1,3100.6,791608,3018750
sabamorshedii,137809.7,6896.5,803709,8580000
adam_hesabiha,55638.3,891.9,810463,2530000
jenabkhan_fanpage,9408.6,56.4,763918,396000
hessnegar,13647.2,115.0,707876,330000
Facthob,5395.8,91.4,614241,308000
4media.ir,10051.1,247.8,588961,154000
Maghze.baaz,8650.7,296.6,542868,550000
danstani__pezeshki,7812.8,70.7,603658,275000
rfoze,11461.3,183.1,512700,484000
unco_mag,3379.9,73.0,591581,286000
Py_party,17262.6,404.7,570261,304700
Pooshake.irooni,796.0,9.3,432619,132000
galaxius__,5874.6,135.2,426922,385000
Khargowsht,10094.0,160.1,422878,517000
musicstar.2,7176.1,48.0,675007,132000
Matne_ehsasi1,25640.1,254.7,414683,330000
loveiscarto0n,13576.8,174.5,408395,550000
Wuclip,7478.3,41.7,404788,77000
ahangify,2425.3,98.5,350940,550000
daneshe.salamati,1429.9,19.9,334226,134200
ashpazi_decor,3188.9,34.0,335734,220000
myzoomg,11594.8,429.1,338153,2940000
qajartime,12641.9,575.3,332963,220000
matntorii,3.8,0.0,15601,71500
Textkha3,26622.2,1053.0,792813,143000
entiremag,191.5,2.7,831146,330000
naab__kade,2037.8,67.6,288580,99000
samoowr,7802.5,152.8,319265,33000
rezagolshani_lifestyle,3047.8,330.5,277893,330000
raze_jahan.fact,295.1,7.2,245033,22000
Moviee.mix,13315.5,173.6,234024,385000
mxrmag,2981.5,41.4,260973,132000
Angizeh.ir,865.7,68.6,38957,55000
rezvan._.basirniya70,2308.4,79.5,220032,33000
razehasti.fact,1706.1,48.2,213643,22000
Ashpazi_va_khanedari,99.4,6.9,2356,44000
fcperspolis_havadaran,1120.2,18.7,206133,24200
picamo_beauty,902.4,10.8,198363,11000
Sports__ladies,1019.9,58.9,44458,44000
Salamati.zibai,708.1,9.4,187410,88000
textkade_1,2.0,0.3,167,22000
mobina__red,5466.3,113.7,192283,77000
textkadeh,8263.8,90.4,221040,66000
Matne.Khorshid,7856.7,79.1,177274,143000
cinama_voice,6417.3,237.1,166846,27500
tikefarsi,7333.3,107.8,194891,55000
Bomfact,8215.1,469.4,164381,99000
tajfc__,1519.8,33.1,157747,33000
Matne.Khatereh,5448.5,48.4,164678,143000
_abi_delan_,1544.2,50.0,155035,33000
lili.perspolisii,4287.0,140.9,152839,77000
Twittergeram1,4282.9,71.4,150362,165000
varzesh.99tv,1681.3,57.4,144093,44000
Shins_ideas,6208.5,194.8,150307,99000
mashhad._.news,1268.0,41.6,164796,220000
grey_dream,11.7,0.7,135,49500
honarmandann,0.9,0.0,230,60500
Tajkabir.asia,2221.0,25.1,137575,49500
Elahe.trips,6506.3,311.3,131790,110000
fouri_news,802.0,83.6,131085,220000
ahwazpage,1564.6,134.6,141117,66000
vidomovie,1621.0,16.2,104908,165000
Pro_siaesefid,824.9,3.5,151145,55000
Iranian_superstars,6229.2,300.3,242663,33000
Cat_Fun__,4991.6,210.7,125658,115500
celebrity.news_ir,1741.5,37.1,107398,77000
text_ehsasssi,1421.0,39.3,177440,38500
Anadilii,3906.5,150.8,337362,44000
Es.es4,1534.2,41.7,155296,38500
Manzele_luxx,491.3,20.2,156997,55000
Musixbroz,1278.7,7.3,134767,55000
digi__game,7619.6,165.6,137001,159500
matne_nab3,2761.7,30.6,134092,55000
fan_havashi,1368.2,63.3,144136,30800
depturi,11771.8,123.0,174676,825000
Nish_goon,879.8,45.7,112356,36300
shekam_gardi,74.3,0.6,117117,183700
matnenab8,3830.5,28.5,133651,55000
Shik_hand_made,2030.7,31.2,139046,44000
nini_o_mamani,584.8,42.7,129099,24200
Aria.mohseni,3658.3,88.0,137530,132000
del__tangii,346.9,5.3,124695,55000
clipbakh,3754.9,25.8,129506,99000
Aroose_payetakht,26.1,1.2,126685,44000
lotus_vid,1068.5,24.2,123959,42900
Golemanoto,2545.8,184.4,222908,22000
MusicMZX,2909.7,45.1,67268,55000
nova.poem,32782.5,454.4,291340,154000
iranstylish_,832.0,21.6,135937,16500
Happiness_and_success,995.5,41.1,124329,66000
Fars_today,2146.9,165.4,215709,33000
Ehsase.nabi,1028.0,8.8,128605,88000
Caffeeshno,12150.5,199.2,341007,72600
Farnazz_art,3892.9,165.1,126241,66000
ravanshenase.koodak20,1288.7,23.6,124930,55000
Td_irani,8275.3,73.3,261217,88000
honarstan_idea,531.6,20.3,148930,66000
today_az,1322.2,42.0,123068,99000
hadesenews,1842.8,97.7,178387,55000
danestaniha_pezeshki.ir,117.3,4.8,122508,14300
1mostafa_sharafi,1521.7,22.9,9433,104500
Calldisney,1281.8,8.4,118539,77000
animalllovers21,6398.1,116.8,138420,55000
Lover.clip,536.2,8.6,122410,16500
Profile_cartooni,3711.5,137.5,138612,121000
Sokhanabi,9102.5,105.6,151427,82500
Gogoli_page,6490.0,117.0,121388,88000
clip_lorazpam,403.6,44.7,164638,49500
Mahmood_elm,3483.7,88.3,116760,22000
Mihansazan,1153.8,34.9,165099,165000
asclip,1122.9,22.4,120768,38500
istgahe__salamati,183.1,22.3,120813,38500
man.inner,6729.0,92.8,142445,66000
bache.poldaraye.babol,959.8,25.1,120035,55000
Idea_rangii,346.6,2.5,242493,52800
majale.zendegi,268.9,8.9,119860,55000
Khoordani_ir,394.6,9.4,118297,33000
tehran_dollar,1859.0,22.2,127835,330000
aroose_damad,64.5,1.5,119610,38500
gapo_gooft,439.6,14.8,119251,55000
zarrin.tv,1150.4,66.3,114021,66000
Persian_teroll,1676.5,19.7,114005,27500
esteghlall_champoins,1271.5,20.0,119418,24200
sepidehkhalatbarii,999.3,41.5,145750,605000
Cinema.of.the.world,4646.3,75.4,158577,71500
Peyman.jahani,4062.4,67.5,121843,110000
Comical.ir,9188.7,462.0,127547,104500
nostal.show,264.9,30.7,112420,16500
mehdi_mohammadiyan,1137.8,108.3,117515,550000
leyla_kuh,816.8,11.3,120388,77000
Dubsmash_irani1,609.6,6.4,117120,66000
tv_filmak,561.1,16.6,123279,60500
60sanie_tarfand,1463.7,21.6,148360,49500
fact.quest,2.3,0.0,15,165000
Clip_technology,578.1,5.1,116866,66000
Azerbaijan_clip,1402.5,35.3,119427,132000
asemaneh.maison,850.1,37.6,138073,27500
stars_clip,0.3,0.0,16,22000
peymankaran,1182.0,8.6,117699,11000
giz_Viz,1811.7,25.4,148738,38500
aros.jazab,111.1,0.4,112520,72600
eshgh_graphi1,3817.0,102.5,107031,33000
tanzkadeye_irani,74.9,0.8,136013,19800
theater.theater,782.3,6.3,118161,110000
Kouhnavardan,2632.0,55.1,132172,66000
Khabarsorkh,2314.2,75.6,108293,108900
iranlegioners,14801.8,731.4,418789,165000
Design_billboard,266.6,2.3,112090,16500
bourserasmi,1391.8,42.8,114655,220000
My_guilan,2352.2,67.9,142469,203500
Yazd.dorehami,239.4,17.5,115531,22000
english_source,452.5,36.7,118187,55000
salamatezanan.plus,2926.5,34.8,114100,273000
Bamazzeha,427.6,7.8,115109,27500
clipe.land,443.6,2.9,114618,44000
yasamanaqaei,-0.1,0.0,115758,165000
English._.vocabulary,8069.1,61.0,153792,77000
kadbano_shim,625.3,16.0,125610,49500
pooyavadaie,1189.7,59.6,133011,44000000
Honar2khune,493.8,8.9,107914,49500
tahereh_a4444,2823.6,220.6,109694,36300
fcesteghlalii,2390.6,41.1,120545,44000
baghawan123,1610.0,41.7,131837,66000
honaramuz,466.4,5.4,113190,33000
mixord,618.2,9.4,112904,38500
majaleh_khabari,2880.3,107.3,113190,88000
Fashion_design_mark,880.1,18.6,113474,24200
rangi_rangi_life,1420.1,30.7,111727,55000
Khanome_ashpaz,187.0,2.6,112721,26400
Sharareh_mohajer,4091.0,277.9,120913,330000
Naghshe_shahru,372.9,1.2,114562,33000
zhestkade,2314.1,111.7,183976,132000
ghodrat_talghin,2963.0,352.6,113746,77000
clip_asheghane,11185.3,197.8,111832,36300
Biirahe,501.3,5.9,110336,22000
Melody.plus,1610.2,70.8,111447,44000
Shadmehrplus,913.8,18.2,183327,72600
goalpersia,685.5,9.6,7638,55000
Nokat_zanashooyi,2066.6,70.4,110955,60500
Mohamadkarimi16,13981.0,1160.7,111099,242000
negah_honari,4162.8,182.2,103288,22000
Ashpazie_khone,163.2,2.5,110409,26400
Clip_rozz,158.0,2.7,4337,18700
bahram_hamidian,3585.2,64.2,108102,132000
Mohadese.goldasteh,4486.1,84.9,111804,110000
taj.news,1059.2,43.0,132937,33000
Paitakhte7,2132.9,18.1,113602,66000
rapid_official,4546.5,83.3,181869,183700
perspolis.ig,772.5,25.3,109751,33000
raha_red1967,947.4,22.3,109175,16500
Rouydad24ir,262.2,10.9,109133,165000
osule_zendege,682.2,15.7,113737,55000
dokhtarune.khas,487.2,6.1,105784,44000
rasht.official,280.2,12.8,107007,132000
tarikhdarax,2746.7,97.3,131519,38500
fatemeh_sadat.x,1220.0,54.9,106489,44000
sweet.graphy,7834.2,191.8,107543,77000
rouz_negah,346.3,2.7,107708,49500
zhest_iran,974.6,32.6,108197,55000
lux__homes__,949.8,25.7,122599,88000
lebas_bandare1393,1111.3,9.4,108201,22000
Just_baby2020,321.2,5.1,108677,16500
ir_photographer,162.1,50.4,103939,44000
arayeshvazibaei,95.2,1.9,104077,55000
mode.plus,3472.5,128.6,102638,16500
Esteghlal_tehraan,4865.1,67.6,153446,16500
Mod_ziiibayiii,52.2,0.4,106237,11000
Khalkhal_today,2111.6,77.8,106460,77000
90tv.official_plus,5919.3,90.1,107263,462000
Maysamnoorkami,3916.8,1268.6,142054,880000
maryam.bano.79,5043.0,101.6,106136,33000
Griffon.architecture,1374.5,21.3,140376,104500
iran.success,249.0,27.8,104137,110000
hi_guitarist,2366.8,50.0,119632,27500
learnenglishandhavefun,179.5,14.7,99961,72600
Shabhayebarareh_videos,3916.4,35.2,105713,77000
ashpazie_bartar,381.6,18.6,104038,22000
hayat_vahshii,2901.9,54.2,295335,71500
Vilamodern_ir,84.3,19.2,103538,550000
Manto.pooshan,391.3,26.7,101632,110000
Nicotine.ir,1587.1,12.4,127162,38500
Bankvarzesh1,1643.7,66.2,134810,99000
Tavan_sangin,2471.5,51.8,121546,66000
matn.plus,41053.1,774.7,140645,55000
dokhtarane_parsii,638.2,31.0,98637,22000
Dorna94,2267.4,49.6,102775,99000
Tehran_university_,1915.6,50.7,104602,209000
yummy____world,334.2,22.8,102835,110000
bayadonabayad,6141.3,293.9,98921,66000
mahsa_khani1,1593.4,388.5,102249,88000
Fc_perspolis_ir,569.7,8.0,100267,49500
Marziyegholamiyan,7427.0,256.1,109817,275000
3kans_top,0.9,0.1,2492,33000
Danestaan,1964.3,78.3,100762,44000
wikiserials,4438.1,27.8,116270,88000
132_sport_,1610.7,15.4,102699,33000
Sweetprincess.official,3691.7,24.8,98936,44000
zehnak.official,2912.3,184.6,94263,220000
Bavar_zehn2,1447.1,83.2,98556,33000
khabaar_online,484.6,24.5,100661,66000
Zibaee__salamatii,2523.8,231.3,166504,44000
Truck_Trailer,-1.0,9.1,102937,30800
seti_taji7777,5856.0,126.3,108496,110000
perspolisfc.news,1361.2,21.5,98895,38500
shima.sharif.academy,308.2,7.6,98460,330000
ahadis.bozorgan,4130.7,20.1,100024,187000
banooye_ashpazkhone,1188.7,11.4,98860,154000
cliprouz,2742.0,511.8,104982,44000
clip_farsiiran,670.9,16.7,98600,22000
naserbabakhanloo_story,371.6,91.5,98496,110000
sepidelifestyle,1490.5,51.1,97044,396000
tabiatkadee,769.1,11.2,127203,44000
Transfernews.ir,5053.5,137.1,107624,88000
hoseinnazari_lifestyle,506.6,52.1,93674,264000
anti.ki3,1920.1,64.9,97888,41800
Girl.esteqlali,645.9,18.7,97181,11000
Pouism,3859.0,327.9,158719,121000
maghsoud_esmaeilzadeh,9135.3,154.5,126420,330000
amozeshebargh,2047.8,120.3,153367,110000
madoox360,34.3,0.6,95980,72600
Mr_cliip,437.3,6.3,95256,44000
nature.iran.ir,1234.1,16.6,111863,44000
Masoudkermoni,14071.6,802.3,102097,880000
Footknow,745.3,15.8,94943,99000
Dokhtarane_tabiatgard,5256.8,297.7,101327,88000
Cimkhardar,7093.4,65.3,165169,88000
andishkadeh_ir,2613.9,22.2,149142,33000
Funysho,28248.7,303.1,912224,330000
album.aroos,18.9,0.1,93797,16500
Persianlegioner,4632.4,199.8,146093,55000
Luxury_servisse,247.6,3.9,111998,55000
farzandebartar,1594.9,19.2,92658,30800
Atiyeh.azad.16,974.2,131.2,91889,44000
zheste_akkassii,3547.3,61.0,91895,33000
mojtaba_perspolisi76,2670.9,37.1,93773,22000
zadmehrali,39.1,2.1,87105,33000
ghannadi.khoonegi,996.0,23.5,95207,33000
Aroose_delrobaaa,632.8,21.6,90340,55000
apps_roid,4849.7,82.6,100252,88000
Milan.mandi,21023.1,548.6,212903,1210000
Matndeep,830.6,18.9,84719,385000
Parisa_zhele_shiraz,1442.9,137.5,89621,66000
arian_perspolisi91,396.7,52.6,88248,9900
amirhosseinshariifi,935.0,346.8,251256,165000
girl.blue4,141.6,11.4,89128,11000
play.clip,254.9,1.9,87465,27500
ketab_khune,135.9,4.4,89400,33000
Footnogy,17212.1,392.9,129979,137500
khalerize.65,8092.6,280.1,87427,220000
Perspolisfans.official,1475.2,29.2,92464,55000
ardabil__today,2146.7,72.4,104781,110000
taj.asiayi,949.8,78.8,87681,11000
transfer__ir,6502.4,234.0,136129,220000
tabrizone,3283.8,128.8,112541,49500
jol_takidi,1983.2,241.8,86288,110000
fitness.love.model,59.4,2.2,85718,5500
saragolgolii,2366.0,35.5,85395,165000
Faratar_az_momken,741.9,5.2,84474,110000
bartarin___ha,283.7,8.7,97896,110000
taninoriginal,-1.0,1.1,89901,110000
Videoaroos,946.0,15.5,82902,55000
amoozesh_niniha,1578.9,32.2,83010,77000
irmodstyle,21.8,5.2,76828,33000
bandar118.ir,749.5,8.3,84823,13200
Tarfande_cake,1045.1,27.1,86485,55000
footfunews,9392.8,241.9,130545,55000
Arteshesorkhh,634.2,17.8,83912,44000
bebinbanoo,489.3,12.8,80027,33000
Khoshmaze_doni,691.9,11.2,77693,110000
azaranjoman,1672.1,120.5,86019,19800
Sweet._.clip1,1287.4,19.3,138605,99000
khat.khodkari.gholizadeh,650.7,9.7,81974,66000
King__clip,202.5,4.8,83222,24200
sokhani.ba.khoda,1723.6,17.0,82035,88000
sorkhpolis66,763.0,19.0,82109,13200
serna_amini28,4909.6,99.1,95529,44000
clipqlic,413.4,3.4,80829,33000
Farzanehghani_skincare,1027.7,118.2,94058,330000
Abie__esteghlali,4216.6,69.2,84683,11000
estherhicksfarsi,1176.9,54.1,98524,30800
didani.facts,484.4,5.6,86963,27500
koronaism,2340.6,39.0,74220,77000
esteghlali4atisheh,942.4,14.7,94310,33000
resaneh.sorkh,1135.2,25.6,80650,33000
takhtegaz.mag,633.5,19.6,84083,33000
Haydeh_mosic,4195.0,37.2,88216,44000
ghazakhonee,610.1,7.2,79958,110000
Honare__khanedari,661.5,21.9,80574,33000
boreshi.az.ketab,5020.2,34.2,85424,154000
eshge_football,6166.9,85.3,80096,18700
Fun_figor,11507.5,158.9,650323,33000
doctoreonline,1172.6,14.2,78597,55000
Clip_sho,311.3,4.5,78353,33000
Zanashooyi.nab,802.2,82.0,78777,49500
niyazhosseiin,10536.6,235.1,112006,66000
Clipisland,1332.2,1.0,77103,4400
nini_o_mamani2,434.5,10.3,76478,8800
patrolsavaran.ir,1024.3,30.6,76431,66000
tavalod_irani2,964.8,22.6,78208,55000
Fun_futball120,2119.1,45.9,75842,77000
aparat.cafe,463.2,8.6,75559,220000
tourism_persiaa,5239.0,71.3,90952,47190
Sherafit_,2362.9,55.6,91580,5500000
vayner_mix,760.6,13.2,75481,77000
gam3r.official,3541.5,161.2,76699,88000
favorites.ir,4001.2,16.7,76807,88000
farspics,7134.7,555.6,88989,33000
galleryganj,639.2,5.5,116680,110000
Azerbaijanclip,657.1,27.3,74981,110000
iran.gamers98,3879.5,94.4,95824,55000
Cars.3d,2549.6,54.0,70930,60500
goldooneman_insta,10673.3,267.4,115600,93500
girlyartt,3872.4,112.2,71041,33000
esteghlal.kabir,1419.4,31.6,102162,33000
Shicplus,1407.3,22.4,67621,60500
deedart.ir,289.9,13.2,67533,110000
Shabake_banovan,2522.6,97.8,75795,22000
donyaye.game,1950.4,76.7,74107,66000
Girl.taji7,1877.6,38.1,119916,55000
shiraz_intro,251.9,22.4,72453,49500
Elnazshakerdoostl_,2519.1,76.8,76325,33000
Idea.khaass,498.0,23.1,71374,33000
fateme_taghvae,465.0,9.6,82392,33000
Ashpazi.yasnaa,383.9,9.6,71772,27500
Perspolissfc6,614.6,16.0,70324,11000
tehran.resturants,1629.9,27.5,71101,209000
alborztoday,2104.4,75.1,81146,165000
Roozaye_shiik,2707.7,89.2,79486,33000
ordibeheshtia,1790.6,52.8,70607,110000
Sarbaze_sorkh24,730.7,17.3,72600,22000
pedare.puldar,472.4,4.5,69119,88000
tabriztoday.ir,7.5,3.7,70474,16500
khoda.nakoshatet,542.3,6.3,68394,30800
Ashpazi.arta,389.6,6.4,70192,30800
Matne_khas5,2349.1,16.2,81817,55000
panda.clip,3523.8,34.9,69459,55000
havadar._.abi,531.4,14.0,69985,16500
animals.mag,4008.7,71.6,96631,33000
shadowgame_fa,4066.4,114.8,70730,66000
Statuslorii,2081.3,30.1,122285,66000
Ahwaz_pol,1413.2,91.1,97404,11000
archnegar,312.4,1.8,67142,22000
Codoen,770.0,32.9,68400,66000
cafeehoonar,1290.3,51.7,81535,22000
hmn.iranmanesh_fan,1909.5,46.2,69230,29700
hashiyeh.ruz,1303.5,107.0,135749,55000
shabjome1,2379.8,29.2,66897,11000
iraneziba_,670.5,71.0,69128,4400
girl__perspoliisii,1432.2,26.9,71039,33000
farivarkharabati,19367.9,411.6,126659,528000
parmidaskitchen,721.9,57.8,67320,220000
Myasheghaneha_,6294.7,113.4,160784,121000
Bekhandkadeh,397.4,18.3,62821,61600
products.ir,134.7,1.5,2588,33000
istanbulbasudabe,2767.1,101.6,67042,88000
Marandcity25,1975.4,59.6,70210,60500
lovely_pregnancy_,342.4,12.9,66530,22000
funfootclip,9140.2,179.0,107109,33000
deel.kade,1565.3,11.3,68961,44000
mehdi_kavandi,59.1,5.9,274,77000
Footquot,1510.6,38.5,66542,66000
Tabe_asheghi,550.4,7.7,61973,30800
akhbar_fuori,180.9,9.1,73856,44000
Footbaleziba,935.0,24.9,65702,13200
teknike_fotbali,1970.2,12.8,122917,16500
zendegi.nabb,2212.4,39.2,74634,22000
Khanedari_khanomi,696.8,17.1,65744,44000
world_by_cams,396.6,4.7,58294,38500
Haajigame,3923.6,1483.7,98668,495000
about.coffee.mag,319.6,11.2,61249,385000
Makeup.beautyplus,1198.8,43.3,167344,16500
shadi_red666,417.3,5.2,64116,7700
lornfact,375.7,12.3,64367,55000
twbourse,1143.0,102.3,65253,220000
Vivateammelli,3126.7,58.7,63998,33000
artshav.official,67.0,3.9,550,330000
gamefa.official,931.1,53.1,85786,66000
asalfakherigouya,91.7,8.7,62431,220000
English_vocab_daily,145.4,22.9,66318,44000
Tabriz_nab,165.7,7.2,61380,27500
Manoto_text,3956.9,125.9,54369,18700
roya__ratin,662.8,79.0,61079,198000
successvoice_ir,389.9,10.6,56206,66000
Ashpazi.goolchin,226.9,4.3,60720,11000
shetabdahi,747.0,23.0,61372,143000
amolemrouz,445.0,100.3,63675,88000
1khati_,516.8,2.7,52606,44000
Shikpoosh_mod,79.0,0.6,59384,16500
as.parivash.t,-1.0,70.9,55540,110000
daheshastiaa,862.0,14.1,90829,33000
hi.Engineering,0.2,0.0,6,27500
Kafsh_kif_shik1,446.3,11.9,154374,165000
advexir,143.9,7.8,58668,55000
honarmandann_irani,279.6,6.7,57989,22000
turkey_mosic,9175.3,120.0,201311,11000
mix.mazzeh,215.9,13.7,58702,33000
Diana_roma.ir,5239.7,20.8,93332,77000
Photo_love_poetry,-1.0,8.3,46947,22000
idea_honarsaz,945.2,13.1,96769,71500
ramsarflowers,306.8,19.5,53656,44000
photo.geraf,797.2,30.5,54629,55000
applelearnings,3398.8,583.4,109064,429000
Manzel_e_man,408.4,11.6,56695,16500
Parisa6atishe,598.0,12.9,57068,38500
nokaterezhimi,-1.0,15.7,66154,110000
Honarkade_2020_,810.5,7.5,100705,27500
Por.az.idea,624.2,7.4,54655,16500
english.education.vocab,942.9,40.8,57311,27500
Shirazbiatoo,346.9,31.4,71073,16500
football_khuzestan,539.5,8.7,56200,55000
perfect_persian_style,239.7,3.5,55333,99000
shabake.clip,446.6,19.9,56754,99000
artparo,176.2,20.3,132,55000
Varzesh_va_raghs,837.4,42.7,55637,71500
Amozesh_cake2021,1249.8,21.6,56072,33000
Nikkarimi1350_,2473.1,56.8,58973,27500
farzanehkazemini,126.9,4.6,53764,1100000
pbmag.ir,1841.6,53.1,54015,330000
banoo_blog,2647.2,76.0,56961,33000
hamide_vz,199.7,31.9,45038,55000
kamiyonbazan,791.1,14.3,54561,55000
Germanycarsiran,13891.7,481.8,106634,143000
isfahan_university,2003.4,57.3,59132,165000
Deutschemovies,1464.8,30.9,70100,132000
Bano_muzic,3060.3,29.6,56047,110000
Zibatarinan,52.0,0.8,71504,11000
varzeshgram3,1469.2,14.1,53883,88000
Bestps4ir,1699.7,33.8,65033,110000
Dena_savaran_plus,1081.6,9.8,53357,11000
sobheabadeh,716.1,7.8,54076,33000
AharNews.ir,762.6,9.6,55341,165000
masumeh_babak__,8614.5,376.7,52763,55000
somy_oladi,4859.5,363.6,70855,165000
Akhbar_university,1699.8,51.1,62299,275000
arzha_net,914.7,14.5,50134,77000
memartori,461.1,6.0,92660,29700
postomosalamati,715.7,46.4,52536,440000
angizeh__zendegi_,3814.8,457.9,52099,126500
plusangizeshi,732.4,9.1,83162,55000
VOLVO_.TRUCKS,841.3,12.7,57485,82500
pardisgame.official,350.5,5.4,49012,33000
ghomayshinews,1563.7,35.1,75927,33000
funy.one,364.2,20.3,46455,209000
tedcenter,462.7,8.5,50332,53900
hajar_esteghlali,1969.8,59.4,51862,22000
civilistar,580.0,27.5,57239,22000
Boose_ta_eshgh,699.3,16.5,52298,55000
Shahla.gh75,186.6,2.8,51267,8800
shamim_asgh,66.0,19.8,51407,11000
clipshare1,161.7,4.3,49908,5500
civil_web,623.5,12.6,51365,22000
factmain,242.9,26.2,49221,5500
Melodisaremi,6937.5,135.7,49221,110000
Banooye.man_,792.1,70.2,52126,44000
Arose___tehran,29.3,0.6,50082,22000
razi_tabib,95.8,2.5,49816,17600
isuzu.bazan,1490.1,8.5,58719,22000
arak.tourist,2504.8,88.7,54294,44000
shahroodnegar,1837.8,127.0,60850,198000
Bazi_gram,4028.4,59.9,46031,33000
Lebas.majale,131.0,2.2,49966,44000
gishe.news,207.2,7.4,48713,110000
cinema_r,143.2,1.4,49175,22000
Mrstory.official,628.9,831.4,49588,44000
Anadiss.ir,980.2,208.2,59930,60500
Iranhitchhiking,2275.1,71.6,49128,110000
Masoudkermonii,2256.6,24.8,51559,88000
ashpazi.majlesii,2764.1,69.6,139321,11000
Idea_rangi_mangi,620.2,25.2,63539,33000
Sadaf_tajii,2186.2,39.9,63413,55000
Ayn_shin_ghaf,967.0,21.8,48084,110000
razee.del,1124.5,201.8,48568,55000
radiosorna,307.3,6.1,47283,66000
ravanshenasi_rawabett,141.7,1.7,47029,22000
honarkade_nasi,236.4,2.9,48260,22000
amin.carsell,5376.1,294.3,53476,110000
mindplus99,5194.7,132.2,75787,22000
e3teghlali4atisheh,856.7,10.0,52156,33000
mojeze_eshgh2,3201.5,35.4,74471,44000
mahsa.tajiiiii,764.6,13.1,46421,16500
nabzearamesh2,1839.5,22.3,49953,4400
automobile_fa,2355.3,76.4,64060,60500
sernaperspolisi66,395.3,20.6,45639,6600
Nikikarimi_lover,1970.5,44.6,49867,27500
esfahanlive,235.2,9.4,43487,53900
Baznashr_all,361.2,14.1,45432,55000
Sevomrahmat,3770.4,92.0,84362,165000
1dokht_bartar,62.7,0.2,37062,22000
koodak.mag,2306.3,24.1,44402,137500
artporf,8528.7,133.8,57800,42900
samyarsalimi94,3638.8,158.7,39324,22000
majid_garmabdary,11.3,0.0,40725,88000
irmosafer,268.0,4.1,39324,16500
ashpaziechef,100.6,1.6,41195,44000
Girl.blue9,430.5,20.5,59087,55000
baftaniiha,324.2,4.6,41875,27500
esteghlal_tweet,1550.7,184.8,138156,33000
Pars_guitarist,1350.9,38.2,61664,16500
roya.esteghlali44,1106.8,22.5,42349,9900
ahwaz_karoun,327.3,17.8,68985,16500
jiroft_estekhdam,293.9,1.4,50190,44000
Instamoon.online,164.8,10.8,38514,5500
fatemeh_sadat.y,1237.2,52.4,41062,22000
jokdarmani,307.7,2.6,39488,17600
concertcenter,524.2,33.4,40384,27500
fashionworld_loverss,304.2,12.0,43684,16500
bazare_mashinn,339.9,7.3,41184,33000
khandelak,8.5,0.4,39375,6600
nodid.architecture,207.9,0.8,37492,220000
Animal.sx,74.0,0.8,47144,16500
Erfan_sokhan,4355.3,70.9,59907,33000
khouz_khabar,1579.7,128.1,56552,55000
Alisam_________,1221.6,254.2,39737,165000
mahsa_sadat.x,1230.4,44.7,39353,22000
honarkadeh_sheida,885.0,82.2,39397,16500
abarman_manbartar,61.8,0.1,38211,16500
ekbatanonline,1708.8,69.2,42073,440000
amirkabir_uni,1126.6,25.2,39430,143000
taji_asu4,857.4,13.3,38413,16500
Shokufehazizi,1011.3,85.7,37803,1100000
baran.tajiiii,516.9,19.3,38108,27500
itnewz,410.8,12.0,37274,148500
shimaseyedkhani,14.5,29.9,37328,55000
Shilakhodadad1,4599.6,106.9,51957,22000
doniay.hivanat27,376.7,6.2,41162,16500
Khanedari_iroooni,1645.5,71.3,74150,16500
ordakestaan,3107.8,34.1,36597,77000
aroose_malakeh,49.0,1.1,36475,33000
art.zhest,2674.1,94.5,78418,27500
sharghdaily1,264.3,24.1,41554,1100000
lidomatv,885.7,36.7,39985,55000
saze_zendegi2020,304.5,6.5,35436,66000
ifootiworld,959.8,48.0,34715,27500
Honar.bon,76.3,24.0,10714,11000
momi_masumeh,1835.0,154.8,34882,44000
elmos_students,656.2,13.9,36093,110000
Sarhangestan11,7272.6,422.3,49265,85800
samte.haram3,334.2,6.7,34410,44000
startupdaily_,1045.9,15.9,35385,1018500
idea_khanomane,265.3,12.9,35165,22000
Urmia_university,1574.8,31.2,50445,33000
Luxury_cars_tabriz,1335.2,28.5,34566,66000
bandareziba,682.4,22.8,34615,3300
Red.armyasia,415.9,9.2,34189,27500
Mod_zibaro,2657.5,35.1,32711,220000
Persianleaguee,4013.1,95.3,80901,33000
shiraz_university_,890.8,32.2,36608,77000
narges.fitstyle,2018.8,77.8,53088,275000
shahrebam,623.0,9.8,36392,33000
text_ghalbi,23.3,0.4,33861,3300
nicdesign_official,36.9,1.2,33421,9900
zheste_akase,3632.9,64.9,65389,38500
mohammadrezaaliakbar,10119.9,255.1,82523,110000
Zibatarin_mod,32.8,1.1,33053,55000
mosbat_400,5857.0,150.9,65530,27500
mui_ac,1362.0,35.0,33858,132000
driftdrive,390.8,5.8,30792,30800
Khanedarie_basaliigheha,645.3,36.6,39862,33000
bahar.tajiiii4,664.1,17.8,32280,11000
mahsa.esteghlali4,1085.8,19.6,32249,16500
futball_mix,532.9,13.0,31334,22000
_energyy_mosbat,294.9,29.4,31959,49500
ashpazi_maryam2,401.3,20.2,30831,11000
nimamalek,724.9,39.5,30128,33000
Catal4n_ir,1963.8,43.1,43848,55000
wiki.food,92.3,4.0,31213,11000
Perspolis.football.club,521.5,13.8,30230,33000
funy_farsi,105.4,0.7,29585,25300
Wi0let,29796.9,844.4,90436,110000
Jmphotographi,287.7,5.2,28497,44000
alikheiri_official,629.3,23.9,21565,33000
Magicofmusique,8277.3,186.9,179319,198000
daheshastiaaa,220.6,7.2,1561,77000
Santa.maria.karimi,510.5,28.9,30568,66000
Khabarfitcom,849.5,30.6,34456,110000
dehbozorgialireza,1230.2,85.7,30176,28600
danestani_pezeshkiii,64.9,2.9,29871,44000
Perspolis_tofan_asia,1130.5,15.7,29341,11000
matnenglisi,203.4,1.4,28942,6600
Inafshin,3393.4,213.3,28253,55000
dashkhande,76.1,0.5,28243,16500
otaqroyai,1556.6,9.9,24418,55000
picamo_men,3291.9,19.6,28936,66000
TAKANESH_MOSBAT,614.4,8.3,27826,77000
artesh_4bi,1067.1,14.4,48580,33000
Ebarat.mosbat,3847.5,344.8,71973,31900
somayeh.sanay,6470.9,268.9,34068,16500
mohsenalizadeh_ir,1553.4,74.4,26173,110000
technologyjahan,92.8,0.6,27107,11000
iran.wrestling.camp,861.2,11.0,26778,132000
Poolsazi.ir,1190.4,117.9,43007,33000
asrejadid_video,298.6,10.0,26082,4400
Atoosa_poormokhtar,264.9,4.4,26876,33000
Safarbama,28.7,45.0,74999,275000
Tablighat_hamzaman,2594.0,90.3,36725,27500
Banoye.barfi,172.3,6.6,52987,16500
Cinema__dialog,1002.9,13.9,29149,18700
shootbalista.challenge,18449.0,264.0,26124,77000
soheil.taghavi,2195.9,222.8,32560,165000
Tanzoeshgh,708.6,32.7,30698,16500
isfahanlovee,668.4,9.2,24224,16500
isfahan_university_,1392.7,41.1,32189,132000
lottery_usa,1348.6,79.7,25709,330000
lezzate_asheghi,308.1,1.4,25620,27500
kamo.mode,0.5,0.3,24872,16500
zounkan.music,530.3,17.2,39844,22000
Akhbar_farhangii,710.7,63.6,27290,33000
Target.agency,701.4,6.5,25153,44000
luxurystore.company,96.9,9.5,23642,489500
mezon.nini3,83.4,2.0,25092,4400
iwsports,1106.7,21.0,46219,275000
bazigaran.zibaa,129.9,3.0,34989,8800
ali666ila,1117.5,174.1,25010,220000
Lindakiani3__,2157.0,37.3,40115,27500
pezeshkiteb,97.7,1.8,24191,16500
9part,150.9,1.6,23561,27500
Bavar._.mosbat,774.5,109.9,24231,22000
banayefakheriranian,206.4,5.9,22960,220000
Footballi1_com,718.9,19.7,45930,27500
IELTS.with.Vahid,226.5,17.0,22860,1100000
Sarein_cheshmalar,694.2,16.4,27876,33000
ehssanr,254.3,20.5,25477,55000
gaming__masteran,900.1,17.7,22659,55000
Idea.karrbordi,278.0,6.5,80081,16500
Film_serial_movie,400.9,2.4,22739,11000
sovran_80,693.3,17.7,23155,16500
matne_nik1,633.1,4.2,23791,3300
amozsh_golabtoon_dozi,856.3,23.3,23742,11000
petyab_rabinseh,702.8,0.8,25225,27500
karajdear,152.7,4.8,22856,27500
Masih.sajedi,4195.7,132.5,22432,770000
artavilim,1612.4,62.0,22451,27500
saadi_parsi,4375.3,27.6,71026,22000
sebghatazad.ir,748.9,29.7,22218,33000
sanaz_tajiiiii,764.2,13.1,22133,16500
Arak.university,750.0,5.2,22066,22000
honarmand_lezat,63.9,1.8,19460,13200
hakimanehh,1603.1,321.4,21693,66000
Jarahanebini,6.9,21.5,21756,7700
iut_student,1219.2,26.2,29084,132000
pichakjewelry,228.7,13.7,20136,71500
Labbaik_ya_mahdiii,1276.1,16.8,24859,16500
arakihai,1164.1,113.0,29850,16500
creative_iideeas,151.2,3.6,21141,27500
sahar_amooreza,148.8,3.0,20975,55000
cookingvideo,97.1,0.9,21059,22000
shoushtarihaa,1430.2,59.8,35074,33000
netnews_iran1,413.9,14.5,25677,55000
Ashpaz_khaanoom,1702.3,30.5,107647,13200
Roganet1,88.6,23.1,20565,22000
_al_ahwaz,2.5,0.1,116,33000
Piranshahr_tarhim,819.5,24.1,54014,14300
adak_fut,733.0,25.5,46231,22000
hesekholase,18.3,5.3,20557,110000
Zooklip,5.7,0.4,11740,16500
m.e.dehdashti,138.4,7.7,20308,88000
ciliip_land,329.8,8.2,19779,38500
Yahya.tanha,776.1,10.7,19448,77000
Mylife_mycar,7728.8,51.0,29328,16500
do2ping,54.8,0.6,18338,44000
Clubs.fact,151.4,3.1,19638,16500
trollfootballirani,6930.3,270.8,35122,935000
modajob_ir,402.8,9.5,19851,49500
langarudiha20,294.3,8.9,21288,49500
asheghaneh_bato_,1680.7,23.3,29011,22000
Ashpaziibadelojan,592.7,8.3,15857,16500
langarud_official,477.0,17.3,29325,49500
sb_university,1101.8,28.5,22160,99000
burdastyle_iran,156.0,4.2,18322,38500
iamserrna,2657.3,42.4,19430,44000
allame_students,841.5,19.5,20337,99000
mahsapersepolisi,777.6,9.6,23022,33000
khu_students,625.1,12.9,20460,99000
Aksgrafy,1881.3,22.0,16494,33000
tmu_ac,589.7,14.4,19521,99000
pato1.ir,522.1,38.5,24565,165000
maraghehTime.s,457.7,9.9,18055,11000
gifterland.ir,48.9,2.5,16448,30800
Sharif_dorehami,661.3,16.2,19843,99000
kntu_stu,644.9,13.5,19998,99000
catfilma,1113.3,21.9,19774,33000
Usc_students,457.1,6.1,18292,99000
ariyansafirsalamat,462.0,9.8,21661,11000
khaterate.ghadimi,577.1,6.6,16232,16500
zehnemosbat1401,166.5,15.9,17351,22000
MO_27_REZA,589.0,45.2,19802,108900
kazeroonhome,421.9,15.4,16196,88000
malichii_com,147.3,10.5,15980,264000
iranian.champions,460.0,13.2,16151,27500
arooso_arayesh,780.7,29.8,16791,22000
mehdirafiee8,1120.7,15.3,16141,33000
ideas_jingoli,144.7,1.0,17146,16500
Tv.dap,777.2,134.1,19071,27500
factt_tv,1210.2,37.4,34079,16500
ashpaz_khanoomi,0.9,0.1,50,11000
Varzeshbank,4335.3,124.9,16666,110000
Nesli_ir,591.5,21.1,13378,22000
Ardabil_rasa,247.1,8.2,17636,33000
akhbar_pnu,18.9,19.3,15435,110000
Kafe_mashverat,329.5,93.1,15334,38500
Samiin.gallery,1061.0,84.8,15781,165000
mahdidub_1z,2382.6,35.4,28809,770000
Its_my_dailylife,2641.5,178.4,14442,110000
yazdcenter,237.3,6.4,14662,33000
_tajrobezendegi_,254.2,11.8,14736,5500
urbanism_architect_civil,11.8,0.2,14294,55000
Znu_bax,410.1,33.1,16628,16500
aramesh.tv,247.2,2.5,13320,5500
estekhdambnd,214.0,2.2,15928,5500
Mrfootbally,1835.6,39.9,14709,11000
tour_khodemooni,447.5,22.8,15819,550000
sahar1art,294.0,36.3,14391,5500
Haniyehrostamiyan,1340.2,67.9,14786,550000
Nafasperspolisii,309.0,9.7,13949,5500
bahar_tawji,2207.1,81.0,18946,16500
shirazbio,167.2,2.6,13679,22000
urmiauni_ac,374.4,7.1,15152,88000
postmosalamati,19.4,10.3,13789,220000
ir_zhest,247.4,2.3,12462,22000
Khoycity_ir,1302.7,16.2,14129,44000
gallerynoora11,217.4,13.9,15320,110000
Perspolisi_fanpage6,13.4,5.7,14468,7700
tabrizuni_students,577.7,8.1,17636,88000
fcaluminium,1468.1,135.4,15423,49500
buffalo_restaurant_,105.1,3.0,13481,27500
ferdowsi_uni,492.9,7.7,17748,88000
yassplast,115.7,37.1,11744,33000
beautybnd,810.0,12.3,13516,1650
Chia_khan_bayzidi,2326.1,28.2,25170,165000
amirkabir_students,901.5,13.7,18485,88000
shokooh.faridfar,482.7,78.2,13142,77000
Farhad777majide,868.5,17.8,11905,33000
chamran_student,393.1,5.4,14995,88000
hadimohsentabar,442.9,37.8,12941,305800
shomalkoja,1016.1,85.3,19655,22000
honare.khat.ir,173.5,2.2,12711,16500
ut_daneshjoo,464.0,11.8,16871,88000
Hadiadine.v,285.5,0.0,10908,22000
Arash_bargozideh,236.0,1.1,12980,660000
Poolsazii.ir__,386.1,100.8,13406,16500
Yazdani_farrii,2238.3,204.7,12581,367400
Motekhases_zanan,0.9,0.2,1908,33000
Aroose_gisoo,2753.6,106.5,26542,22000
behzadoveisi,1006.6,52.4,13718,55000
Faribakarami9,30.1,0.9,12579,440000
cinemar_2,40.6,0.2,12627,17600
mit24.ir,152.5,85.4,10619,44000
Farhad_zandvakili_fanpage1,3.3,14.9,12508,22000
Sums_ac,85.1,2.7,13128,22000
Chakadclub,147.6,4.4,14514,165000
mahoorbeautyshop,32.1,1.4,11640,11000
xiaomibaaz,12620.9,1797.0,108984,220000
MILAN.persian,2609.2,60.2,20543,14300
alirezaerfan59_official,309.9,2.4,11469,165000
darmanbnd,51.0,0.5,11945,3850
sketches.ir,5.0,0.5,43,5500
soroshazmalab,125.4,0.3,11229,165000
Negin.s4s4,296.8,96.0,15779,5500
sahar__gram,2016.3,10.1,100693,16500
sajad_parvaneh,214.5,19.5,11595,44000
Nafasii_ghahroudi,682.7,27.6,11734,44000
trollrapir,3412.5,200.5,20034,44000
Saeed_turk_ahar,179.8,7.2,11688,16500
nazanin_parva1,1873.3,64.3,11385,110000
vilamodern.original,33.1,5.6,12738,110000
sekans_tanz,11.0,0.3,863,44000
Soheil_travel,1457.8,92.1,12229,165000
batogram,186.5,3.0,10669,22000
Nasrabadi,287.3,8.9,11033,220000
mhmdrza.jfrpur,584.2,75.7,11978,33000
Export.oman,512.6,23.9,11633,275000
onyx.kitchen,78.5,4.1,11208,220000
Tabiat_iran20,113.7,3.4,555,11000
hadi.prh,766.8,43.4,11011,77000
decorina_,82.8,1.2,10228,110000
Mobina_life_stylee,38.1,97.3,12114,55000
iran_art_shop,2.4,0.0,107,11000
artimiskala,47.6,3.7,9939,5500
concert_land,88.6,0.9,10638,11000
Classicstudio_kids,132.6,9.3,11226,110000
1mashin.ir,84.0,1.3,10741,16500
mazandaran_uni,326.9,3.5,12421,71500
shadab_teb,70.3,0.5,10973,16500
azam._.azizi,1080.0,79.4,10742,22000
tehranfouri,225.6,2.6,11373,44000
Game.of.thrones9892,7.2,0.0,109,11000
shicnews,848.7,24.9,8365,22000
ho3yn_m,527.1,1.9,10492,7150
__fc.sandwiiiich__,42.5,18.6,27193,33000
civilx7,474.5,68.8,18783,16500
tamrino.ir,15.1,0.2,10264,110000
pakdashttfori,1935.6,76.0,23450,49500
yasijasmin4,6545.8,78.5,15149,165000
hypersport.ir,553.4,8.3,12550,143000
saharshadloo,708.4,6.4,10358,77000
tehranruby,125.4,2.6,10817,22000
1clipfun1,0.1,0.0,1,22000
Ng_farahani,389.2,26.8,9983,16500
hamid._mehdipour,-1.0,10.3,9978,1100
idea_banoo20,520.2,20.7,111348,33000
Kafsharzan_99,74.1,10.7,12400,55000
younestorabi__,1092.9,10.2,11982,55000
Mehdi_mohammadiyan2,197.4,13.8,9879,55000
yasamanhyy,20.0,8.6,9765,275000
sahra__bano,81.4,0.1,9264,55000
braincastmedia,486.8,33.4,13854,550000
Paki.club,166.5,13.2,8722,110000
motor4charkh.markazi,182.5,23.5,10396,66000
moomayneh,118.2,0.7,8814,44000
mohammadii_mr,789.6,19.6,8019,38500
1fafa,116.4,13.0,8065,11000
iriweather,250.4,7.1,8650,13200
ashpaziibama,58.5,1.1,8266,55000
Memarstar,0.2,0.0,17,8800
majidkazemikashan,109.7,3.3,8088,2200
kishnama,16.9,1.6,12644,27500
bazar_ahar,198.2,2.2,8462,7700
tajhizyaragh,370.6,41.9,10929,110000
Khayati_shahroo,819.0,7.8,7939,55000
pw.mohsen,704.8,58.4,9256,55000
foodsetup.ir,42.4,1.1,6503,77000
kamiyontv,223.8,6.3,7676,16500
ahlekomak,37.8,1.8,6642,27500
amirhosseindehghan1,62.8,6.4,6679,165000
iranianforum,138.5,20.7,7447,110000
srbiau_students,292.9,5.2,12688,77000
cafegardi_tehran,637.7,130.3,7532,27500
Thehamedrajabi,473.7,19.0,10614,220000
academykazemi,40.3,2.6,6245,11000
Shiraz_surpris,442.8,121.7,10417,110000
afouscity,883.3,27.2,7306,60500
Rashasaze.ir,95.8,5.4,6739,2200
kiau_daneshjoo,299.7,7.1,11103,77000
mrcodeir,722.2,9.9,5085,110000
navayezendegi.ir,0.1,10.9,5478,5500
quizonline24.ir,49.6,3.3,5208,2750
darolfunun,117.3,23.9,10403,110000
Epol.ir,97.2,3.3,5446,11000
Viladiba1,65.8,7.5,6605,110000
abzarnejat,97.7,2.7,5229,82500
zounkan.fitness,916.5,39.8,4098,22000
iotjournal.ir,107.0,1.0,6387,22000
esfahancenter,811.4,18.3,11940,33000
cactusiism,0.8,0.2,23,5500
golkar_tv,227.7,1.2,10765,16500
nodijeh,255.3,10.2,4975,5500
elite.gallery,72.0,1.1,3560,22000
Trucks_land,2515.0,53.8,10752,66000
pastoobook,1116.7,88.3,9131,55000
achadorbaf,114.7,3.7,4391,330000
axdarax,61.6,0.5,4181,3300
ayhan95_elman97,142.3,7.5,3705,22000
Sotihaye_khandedar,312.4,9.4,16255,33000
ahwaztag,201.0,13.5,3869,22000
iirangardii,27.0,0.4,2996,16500
istanamaco,190.1,20.1,4154,165000
nimamokhtariorg,8.8,0.9,17866,55000
esfahanpnu,3.6,10.8,3636,77000
fatimakarimi_ashpazi,473.9,35.8,3218,16500
Mukbang_bangsong,112.3,3.6,3272,1100
mazeronivangeva,274.3,5.1,3133,2200
tajhizrail,274.1,25.2,3459,55000
asma.nail.clinic,69.8,4.1,2855,11000
Str__guitar,298.4,22.2,2877,38500
pasarmed,41.5,1.8,2644,55000
mohammadmirzaei.ir,198.7,22.2,2421,11000
nowdijeh,17.8,1.3,3343,2200
sally_hosseini,729.1,23.3,2362,88000
starad.graphic,62.9,17.2,1432,11000
mihanproperty.ir,105.3,4.0,1997,55000
Smartrozhan,232.0,37.4,4203,27500
Amozesh.py,603.8,178.4,8491,44000
vrm.offical,185.6,4.7,4029,22000
ourgolestan,47.8,1.9,1732,2200
Iamqazaall,487.7,10.7,6753,11000
Nasertweet,240.2,30.4,1369,440000
mohamad_shahandeh,307.2,34.3,1343,275000
amirhoseinsarfarazian,84.7,6.4,1163,110000
negin_immigration,28.3,2.6,1635,33000
sabashiiin,127.5,4.1,953,22000
adsmarket.ir,6.0,0.0,857,1100
Flora._.cosmetic,216.8,27.4,603,16500
manelistudio.ir,45.4,3.6,629,16500
