username,price,avg_likes,avg_comments,followers
danestani_rooz,4830000,74236.9,2517.9,6192507
mohamadaminkarimpor,33000000,141943.4,8553.2,5061518
cook.mag,4174500,101952.7,1001.9,4858879
banooye_khone,3018750,64218.1,526.0,4208707
varzesh3,1102500,34381.8,684.9,4159199
Shekamoo_haa,2530000,51850.8,597.1,4020188
khoda,3885000,119791.8,5441.3,3509971
Whats.fact,2695000,39713.7,936.3,3343264
beauti.mag,1320000,34844.0,851.8,3147016
hashiyeh,1244250,38957.0,1067.2,3155138
Play.ir,2068000,38557.8,508.5,3074653
sosfact,385000,6401.3,127.4,5674536
salade.shik,1375000,75670.7,621.7,2761885
dokhtaranmod,1012000,12184.7,243.7,2366965
danestani_pezeshki,891000,30528.7,752.8,2312155
hidden__worlds,885500,40810.0,1489.0,2293868
zhuaan,1518000,45520.0,1480.3,2282329
doctor_khabar,610500,50861.8,1121.7,2238203
nasle20,945000,25586.0,329.7,2214312
_aghoshe_to,2200000,68340.8,830.6,2300247
music.beruz,885500,19821.6,716.5,2099490
3kansbartar,1133000,48114.4,311.1,2167136
ashpazi_khob,1100000,9723.1,156.7,2055121
BesTV.shows,1265000,23448.7,262.5,1978203
top_mixx,1386000,13199.2,158.6,2001518
majaleye_banovan,1320000,16569.0,276.7,1898104
raze_jahan,821700,45311.7,1423.1,1886138
bedaanim,1248500,23139.0,149.1,1866362
bazigaran.iraani,513700,5354.0,96.1,1874649
hashiyeh_plus,792000,18549.6,365.6,1847175
Dr_holakoue,825000,27273.0,371.7,1849980
hamedtabriziii,11000000,384564.2,309455.0,2990064
Asheghaneha_,495000,24914.7,553.7,1829499
Hashiye.news,1045000,529.5,8.6,1787211
ketab_am,2415000,60486.7,758.9,1712644
wonders237,1507000,24487.6,134.6,1716310
Irani,605000,21936.7,513.7,1690113
khalagh_banu,275000,3338.8,83.6,1650057
Aroose_mashreghi,110000,1551.8,17.4,1642833
unco.fact,759000,12877.0,841.0,1628587
clipcartooni,880000,4564.6,41.9,1647279
Klonomi,660000,29001.9,786.0,1621560
boximag,616000,43641.1,669.8,1615364
Filmak20,548900,20036.3,370.0,1712794
poozkhand.tv,220000,3442.2,136.8,1543111
Cinemaon,1419000,28700.5,435.5,1501280
music.tiptop,990000,21984.4,332.1,1514939
banoo.page,660000,18425.5,177.0,1503178
perspolisfc.fans,990000,29538.4,358.7,1487133
majale.ashpazi,997500,21108.7,161.1,1481907
honarmandan_mahbob,726000,8396.1,267.8,1465657
Zhele_tak,715000,43252.8,329.3,1530436
Mixx_Pixx,1210000,444.1,0.5,1450456
pias_team,891000,11833.9,75.7,1446684
minimalha,660000,9189.7,63.3,1460644
fact_quiz,902000,23091.3,742.9,1425794
tazine_shik,1012000,11327.7,97.7,1414263
cart0onbaz,759000,22656.4,307.2,1385431
b_Music_P,715000,19008.9,318.3,1324465
movie.pars,132000,591.3,3.9,1325753
akharinkhabar,1760000,15899.6,486.2,1370056
VIDEO_4FUN,858000,23676.1,492.4,1299997
Dor__fa,495000,8051.5,141.8,1323681
ino.didi,660000,643.0,72.3,1282993
Dam30_ir,770000,468.1,90.6,1259022
ahange.ghadimi,330000,19247.2,659.0,1445534
Salamati_pezeshki,561000,7551.3,217.9,1254239
razebagha.official,467500,13058.0,321.2,1842437
khabaarnegar,132000,1495.3,75.3,1271579
bekhanid_bedanid,605000,15279.8,205.9,1248338
Ashpazi.sahar,495000,32423.3,619.3,1261989
Bebin_Funny,858000,13792.3,151.0,1224063
Honar_khalaghiat,330000,4010.9,20.4,1224100
3Kansgraphy,638000,32126.6,202.7,1199593
the.facts,528000,8668.1,213.8,1206524
I.wonders,418000,9065.4,302.3,1259907
tv.mez,9450000,261258.4,6338.8,1172363
tbshaeri,616000,10430.8,352.4,1174061
Aroose_royaei,55000,661.0,7.5,1147660
dialogism_,768900,14466.7,463.3,1182556
afaagh__,1252900,61762.2,821.8,1214088
beroozim,660000,14371.6,571.9,1123888
alilohrasbioriginal,3885000,46450.6,8853.9,1155260
Zhele_majlesi,572000,10373.2,67.7,1108136
sajadgharibiofficial,6142500,137412.8,20362.4,1013008
Bermodair,77000,581.3,19.7,1075953
chikhobe,495000,8509.7,152.6,1076363
Majalle__zibaii,66000,80.8,0.8,1070204
fact_factt,71500,872.0,24.8,1057486
fact_bomb,462000,13617.9,327.4,1062590
Photography_pose,330000,11062.2,210.9,1065636
tarikhi_fact,132000,2226.0,79.3,1074157
Chiko.pedia,165000,17088.5,487.8,1016274
azin.fact,987000,11620.8,190.9,1050061
Bufilms,308000,3842.4,76.7,1053543
perspolis64b,77000,1656.0,172.0,1033088
kadbanohaa,605000,8395.0,83.8,1038648
mahditabriziii,2420000,158878.5,11493.8,1757066
Molanagram,880000,14384.2,656.8,1035877
Doctore_shoma,143000,2571.3,78.2,1046188
boxifact,550000,14984.9,271.3,1034609
bad_fact,132000,850.8,37.1,1022284
khanomipaz,770000,5416.9,49.4,1011287
chehrazimag,1202300,30229.9,216.4,1010550
dubsmash_clip_ir,495000,10025.6,529.8,1001731
mediapry,88000,1214.9,26.0,974006
Donyaye_zibaii,96800,6019.1,148.4,953977
Mehdisaremi_tv,1320000,51501.5,4227.2,1004454
Golrokh,495000,4607.2,50.3,982961
shahre_mashiin,1138500,13054.1,211.0,1003485
Bazigaran.30nama,147400,12700.8,460.7,985907
Dubsmash.irooni,308000,5318.6,165.0,971342
Film1series,187000,1608.8,62.3,992348
namakstun,528000,5537.9,64.8,969595
woowclip,77000,878.8,10.1,970523
90tv.official,924000,29891.2,980.0,988026
aroosetehran,55000,1825.5,31.5,947504
koodakekhallagh,1375000,13576.7,179.8,949843
Ghalbeahani,275000,20308.0,151.8,1105872
Vayner_clip,165000,1732.1,18.8,928788
imazhart,550000,27389.0,538.9,926245
labkhandook,385000,8487.6,65.4,187807
tanznamairan,330000,5075.4,64.5,928425
video.vayner,165000,1857.7,11.0,912879
Fane_mehmani,110000,1417.5,17.9,897801
maze.gardi,1518000,15208.3,149.1,919623
Wildnature.ir,354200,15558.5,285.4,1500430
fesgheliha_,55000,4925.2,51.5,910569
Deer.fact,429000,3985.0,88.8,1352488
_know_the_world,500500,19354.9,412.2,910512
pediaworlds,473000,13099.5,711.6,905756
big.bangpage,429000,23683.9,363.4,904475
yadegarihaaaa,385000,6437.7,166.7,860659
Timetanz,330000,12895.7,282.9,847649
tarikhi.fact,99000,1702.9,71.3,826688
Behtarin_clip,385000,6532.5,238.2,821783
Super9va,292600,18778.7,425.6,880682
Pediamovie,649000,17895.2,313.6,796696
ajayebkaade,132000,1598.3,75.5,853513
histography_insta,198000,16733.0,364.4,1128419
tomojerry.lovers,995500,8477.1,32.1,818125
radio.ghermez,8400000,124581.1,3100.6,791608
manzele_taze_arus,88000,960.1,21.3,813809
Cudoiin,539000,17902.6,707.3,807242
danstani.pezeshki,385000,9712.1,134.8,780024
sabamorshedii,16500000,137809.7,6896.5,803709
honarmandan,242000,5469.3,135.0,778098
akhbare.fori,1260000,3354.4,240.9,779136
adam_hesabiha,6325000,55638.3,891.9,810463
avamuzix,638000,20597.0,297.6,795894
Sketch_architect,132000,2172.3,8.1,768767
Topkade,165000,6356.7,65.3,770107
Sweet_clip,275000,6761.5,195.9,803459
jenabkhan_fanpage,396000,9408.6,56.4,763918
Movie_facts_farsi,583000,19134.5,289.0,751165
NOSTALZHIKA,605000,4162.3,70.9,753668
Aroose_m0d,55000,2796.7,67.3,744855
tvfactt,275000,4359.9,110.4,747711
matn_e_naab,330000,13258.7,247.7,755367
tor_ir,79200,583.4,12.0,741854
ashpazi_mehmoni,399000,5105.1,44.9,743456
Befunim,714000,17799.9,184.9,740978
Ashpazi_page,220000,2619.9,32.9,743152
Faratar_az_tasavor,158400,5837.4,84.9,737876
Salamatezanan,682500,11900.6,165.8,731025
ashpazie.asaan,44000,1465.6,14.9,721705
honar_doostan,440000,29.4,0.0,1247
Aroose_royaei2,55000,1385.8,17.0,700508
dokhtar_one,176000,1573.3,24.7,707019
Sky_factt,77000,611.2,21.3,699088
Turkyemekler,385000,11755.5,114.0,722906
Darham.abad,93500,6377.5,138.6,709091
Filmo.cinema,330000,3494.1,40.7,665107
Funny_mool,165000,4192.7,78.6,698912
Shamimeshgh_,407000,23511.1,480.7,692546
hessnegar,770000,13647.2,115.0,707876
avalrahmat,1100000,11838.5,453.3,698830
negahememar,110000,115.1,3.0,664973
decor_mag,95700,1658.6,33.5,667478
banoo.nokte,319000,4891.1,110.4,648238
Tanzzzbazar,187000,5887.8,72.3,661513
varzesh.vb,77000,2544.8,75.9,644199
Neembeyt,420000,7902.6,168.1,632475
ashpazie.irani,44000,1533.4,19.3,628472
Tanzeiran,220000,4876.6,115.5,626238
stylemrooz,170500,5405.7,176.4,614296
Facthob,473000,5395.8,91.4,614241
Matn.Nik,440000,17447.3,165.9,637533
Arteshs0rkh,275000,5757.8,103.1,616449
royaiii__,473000,28250.9,348.3,625087
Manzele_noaroos,88000,615.6,8.3,603250
ajibtar_az_elm,726000,4059.4,70.0,612902
zheen_magazine,693000,43426.0,480.8,625312
factche,132000,15178.7,661.2,1104787
4media.ir,506000,10051.1,247.8,588961
Chaakame,594000,32784.9,341.4,612244
Tanz_sora,165000,3264.7,42.0,603646
Clip_chalesh,220000,9050.9,123.2,725759
nabgram.ir,165000,1110.2,14.9,562585
aroose_mandegar,55000,1389.1,51.9,592083
Osule_bakelasi,275000,5860.7,92.9,600267
Majaleye_sabz,385000,7545.7,170.8,596824
Believe.change,275000,2948.6,35.8,604117
praduxe,473000,7490.2,258.3,679795
jarchi,88000,1971.4,64.7,619503
Majale_ehsasi,121000,1472.7,9.9,671455
iqsunn,495000,13957.8,167.8,593924
deser_zardaloo,198000,2484.5,25.1,596822
campec.ir,132000,2778.6,64.3,595593
Funy_kilip,165000,3032.9,39.4,595350
graphicroozane,5500000,3412.0,18.4,585706
Asheghaneh_graphi,108900,3989.4,34.2,582582
Mehranmodiri_18,154000,5425.8,58.9,587783
matne.khas2,385000,15156.7,187.4,617629
Film_clip_ir,91300,3362.5,174.2,549089
bahambesazim,60500,527.1,15.4,572233
smartdoctor.ir,165000,516.5,20.9,576490
6taeea52,165000,5747.4,148.5,580468
Maghze.baaz,440000,8650.7,296.6,542868
karimbagheri6,198000,10137.7,246.8,577778
bamanbedooz,143000,3390.6,56.0,567221
_baft_mo,275000,18060.8,88.2,579303
taj.kabire.asia,44000,1935.1,190.1,572453
Armiin_elikaei70,2200000,113483.4,10976.8,2667888
filmbilm,330000,355.9,8.1,635787
neveshte.royai,440000,48554.4,424.7,596539
Iran_specific_cars,440000,7933.2,191.7,563161
Zendegi_daneshjooyi,247500,11680.7,158.5,555015
Nabayad_mikhandim,297000,42951.3,448.4,713243
Kb_sher,440000,3728.0,25.7,588622
Tabriz_tanz,231000,6809.3,216.6,698249
clip_axmaxbax,165000,3659.6,221.6,560257
Havades_news,275000,6555.0,239.4,543521
Hichismi,385000,12785.2,93.5,699433
gravity_lyrics,475200,1695.8,15.5,537522
Pias_sport,220000,5830.3,75.5,535105
danstani__pezeshki,330000,7812.8,70.7,603658
Luxedrives,495000,16687.6,482.0,533420
turktanzz,242000,5093.3,60.6,528405
lorazpam_0rg,110000,610.7,50.3,538683
caset_ir,99000,480.3,10.2,521290
mani_wizart,1100000,15647.9,373.9,486026
Mojeze.zehn.arezoozare,990000,2224.3,94.3,512510
amozesh.cake,440000,14001.4,474.4,524097
shaaadshooo,220000,4776.9,38.1,521360
Lebasmajlesi.model,165000,3666.3,35.2,522645
Fcperspolis,198000,6084.3,122.9,519079
Paytakht.6,275000,4082.7,54.9,924179
Myg0d,209000,20365.4,1337.1,769731
tanzeirann,165000,4852.4,123.8,526156
Ttsh_world,132000,393.5,40.9,513728
Funny_tek,143000,3181.8,42.4,514594
rfoze,440000,11461.3,183.1,512700
roozgasht,209000,17048.8,247.4,1209503
salamati_injaast,220000,2513.0,21.1,510156
Raazmedia,213400,6027.9,91.0,625998
Fun_tur,232100,11587.5,117.7,700089
funy_fast,165000,4977.5,47.2,560237
architecturementality,110000,367.2,4.4,502781
Khaterat_dirooz,517000,20400.9,502.7,507931
ritme.music,110000,6784.3,156.2,557045
unco_mag,297000,3379.9,73.0,591581
_soqout,363000,7911.2,70.7,481968
clipmoviz,82500,186.0,0.0,497911
majale_trip,66000,746.5,8.7,489749
Tasvireroyaa,429000,16466.3,478.1,488419
decor_graphy,31900,94.8,0.8,494645
ghodrate_talghin,209000,3824.0,58.6,486029
ashpazi_farsi,41800,897.1,12.4,488042
sher_e_naaab,220000,7001.3,107.3,495160
Py_party,182600,17262.6,404.7,570261
kadbano.bash,165000,2803.0,34.6,481069
Cinema.bartar,55000,196.9,10.7,466978
desser.doon,176000,1993.5,18.4,480691
bebinobesaz,143000,2011.8,36.0,473233
kadoidea,110000,3180.2,191.6,576037
khayati.neda,220000,7698.4,86.9,482396
Eshghe_minions,165000,5147.1,29.6,453276
picoovid,275000,5069.0,194.3,471736
_uniquk_,99000,5086.3,47.5,450433
shakouri_m,4400000,10179.6,564.6,485599
Funny_kilip,154000,3350.0,46.1,470548
Khatoone.khone,187000,6071.4,64.3,466154
Madarane20,330000,3143.8,109.5,466226
toopcliip,209000,5120.1,51.6,469797
Deep_mach,165000,2546.2,44.1,466574
Khoshmaze_tarina,60500,2151.5,24.0,459963
hayatvhsh,429000,12402.8,96.8,458854
aroose_najib,33000,36.2,1.0,458970
daneshkade_khayati,110000,1148.8,24.8,459011
muzic.nex1,275000,3118.0,75.2,458673
Tonele__zaman,220000,3470.1,62.4,456578
janjale_rooz,33000,1194.5,29.5,455968
Topteory,275000,11660.4,240.4,462962
saadigram,440000,7697.5,127.5,455345
Englishpersian,880000,1704.8,36.5,437843
persian.drift,209000,4173.4,113.9,452281
time_healthy,308000,5610.3,51.0,443106
chizhaye_kouchak,363000,17101.4,390.4,443734
sazaavaz,165000,1974.9,49.3,560488
paitakht_6,158400,6348.1,46.1,681427
Love.gune,159500,2907.5,105.4,445898
rangindeser2,60500,388.9,4.5,434778
sokhanan.arzeshmand,110000,614.2,4.4,436096
English_code,242000,5070.6,123.6,560479
fctaj,154000,4242.9,195.9,453580
Man_mitunm,412500,6629.7,142.3,440788
ashpazi.maral,275000,5286.5,351.9,434963
Fariba.music,146300,7730.4,146.6,801806
iran_beautiful_ir,495000,16703.4,358.8,469333
textvision,220000,3561.9,67.8,430778
Park.kon,548900,3214.7,72.4,571561
Donyay_ashpaziii,176000,2587.8,26.7,436863
cinema_Radical,99000,2407.8,70.7,403281
Pooshake.irooni,132000,796.0,9.3,432619
majaleh_lorazpam,165000,594.1,47.9,424463
mostafakhedmatii,132000,957.7,7.8,428474
Iranian_bodybuilderss,220000,4005.8,56.3,411390
paaytakhte5,209000,1271.1,19.9,430383
Model_bala,330000,6705.0,98.5,451048
Aroose_lavand,71500,314.7,11.0,429761
filimuo,132000,958.4,5.9,427826
sudabe.turkish.life,1650000,10124.1,262.5,423492
_zohreh_ghasemi,1980000,28816.9,3393.3,416052
galaxius__,495000,5874.6,135.2,426922
Nabzezendegi.ir,253000,5281.0,178.1,419008
Kirilan_qalblar,242000,18338.8,181.1,454596
darman_pezeshki,71500,2667.0,70.8,423172
Khargowsht,495000,10094.0,160.1,422878
Matne.Nik1,418000,17812.8,154.5,438176
armiamardanian,275000,7390.9,720.8,421449
ABBASAHMDII,22000000,87964.2,2520.7,882358
tap_fact,44000,1464.5,112.3,425302
Dorhami_video_fans,171600,7820.0,69.6,510605
Clipkadeh.irani,203500,7813.9,83.3,445770
Khoytoday,110000,1902.0,27.6,422548
_fitnessOnline,605000,7984.6,81.0,438611
Voroujakeman,44000,2371.1,31.6,501584
tarfandhaye_ashpazi_,183700,1591.5,33.2,410573
Sooti.show,330000,5104.8,79.4,412743
funybash,88000,3356.9,38.0,501754
torsho_shirin_,198000,1852.6,23.6,411641
nimkhati,605000,5299.3,209.1,408071
bodocomedy,220000,4407.4,33.1,404368
tractorfc1,170500,1233.1,37.8,404634
Turk_clib,330000,3277.7,142.2,410778
Dialog.bazi,396000,17182.3,156.2,407992
skizoferny,231000,8283.3,209.5,403488
Irani.actor,82500,5231.1,457.8,415113
naturefarsi,110000,2407.0,41.8,395983
ashpazi_saeedeh,165000,3361.8,53.5,403952
baroone_eshgh_,198000,7385.0,110.6,407625
mahsan.sd,38500,1206.8,136.7,408086
musicstar.2,176000,7176.1,48.0,675007
younestorabi_ir,1650000,20430.9,251.8,405920
bino.clip,308000,3910.0,160.0,396830
Enerji_mosbat_bomb_1,110000,6044.1,196.4,398277
iranimashin,385000,44.2,2.6,448729
Matne_ehsasi1,495000,25640.1,254.7,414683
Energy_novin,286000,1648.1,28.8,396181
Pezeshkyar_javan,71500,2669.2,75.4,396870
playpico,77000,549.5,7.8,400352
khodaorginall,352000,7971.5,177.9,405171
Pezeshkanbartar,275000,886.7,12.0,397744
aroose_pardis,132000,504.2,10.8,392831
khatami.76,770000,3429.8,277.5,403738
PerspolisTehran,137500,1809.2,77.1,397137
Aroose_yeganeh,71500,93.7,3.9,418640
majale_zanashooyi,220000,1278.8,24.3,392179
_bekhanim_,583000,23376.6,457.5,436372
post_bartar,110000,996.4,41.2,385238
oclip,77000,524.6,10.5,414450
caption.khas,198000,9594.6,91.2,404056
top.p0st,77000,936.3,34.9,373437
slidebartar,198000,10441.8,352.0,430578
Siibgram,165000,4267.2,67.2,393424
loveiscarto0n,605000,13576.8,174.5,408395
lenofact,187000,2894.3,43.1,383230
fact_psychology,220000,9729.7,109.7,420379
Naghashikoodak_fatima,1100000,4260.1,205.8,382169
aroose_vip,44000,149.7,3.6,379022
ashpazi_rangiin,220000,2727.5,30.2,389282
Golchin.honar,79200,2317.4,81.4,444131
majallehkhodro,5500000,52382.5,4117.7,438745
Makeupvideos_aroos,143000,1047.1,11.9,381989
Shadi_yani,165000,1990.2,8.4,377195
Golchin_gram,268400,6234.9,268.0,392690
one_word_per_day,352000,1600.0,18.9,357268
majaleyekoodak,110000,1039.9,21.6,366000
asena_clip,385000,3267.9,52.7,369847
shakila64,165000,3209.4,68.5,373825
Saharchef,2200000,82169.2,11506.9,735054
factpact,297000,5385.8,102.0,372114
azermusic,198000,6750.7,202.3,370123
golchine_khatereha,110000,1909.1,34.1,369194
zana.shooyi,242000,5457.8,119.6,368670
Shahbanoo_olgo,88000,1401.2,24.0,371045
clipkade_ir,110000,957.8,50.3,367808
1danestaniha,275000,50.2,9.9,372549
Majale_salamat,55000,3044.1,61.4,368998
Bimozo,33000,1872.0,37.3,354392
Amirjahanbakhsh75,1100000,12048.7,891.3,364100
Wuclip,104500,7478.3,41.7,404788
Tv_funplus,165000,2929.0,51.5,355456
Ghanonejazb_zare,220000,2575.4,72.4,365607
parsiwod,99000,2019.9,146.7,365595
mooo_arayesh,110000,885.3,7.3,352869
Motivationfilm,436700,5839.1,610.4,359976
shur.o.shirin,165000,363.1,36.2,355015
zibapic,55000,1580.1,105.7,355588
neemmag,330000,5336.5,176.9,351551
top_tourism,330000,8536.1,188.1,359690
ASHPAZI_KHANOM,66000,917.2,11.5,355804
Bebin_o_bedan,121000,3820.6,137.2,376989
tajkabir.1,110000,1179.8,16.8,352556
Talghin_mosbat,330000,5488.3,716.8,361005
Lovely_trucks,385000,7289.1,82.8,452119
Toyotagram_iran,440000,6097.7,57.3,392038
hafezgram,440000,5366.8,130.0,352048
Narenjigroup,187000,4103.7,50.2,329917
Aroose_asall,58300,79.9,3.8,343747
ahangify,1100000,2425.3,98.5,350940
Shadmehrlive,132000,315.7,9.7,973
Pias_day,220000,2855.3,44.9,348578
zimapoem,297000,12911.7,293.6,345731
majaleye_modha,66000,2275.1,36.5,339766
ashpazie_khanegi,99000,1789.4,27.4,349821
clip_kade2,110000,836.8,51.3,343610
cilip4you,192500,1766.4,20.2,352666
dadaigram,60500,3915.1,23.0,330980
text.mosbat,330000,4272.8,397.3,344966
Comedy.farsi,253000,5231.9,41.0,342612
Dep_faz,99000,2161.2,18.8,341847
clip.mix_ir,220000,2.1,0.5,48
shima.rasoulzade,825000,54519.3,1514.8,362323
donsgame,660000,23950.2,617.2,343355
Sedamasih,1100000,15511.8,1591.2,347150
the_law_of_lovee,214500,7102.2,1230.0,358973
clip_axmaxbax1,88000,11277.7,310.5,344171
ashpazie_nab,165000,2554.5,92.4,340253
Clip.bartar,60500,3796.3,149.2,328140
Black__trick,165000,1373.9,9.1,338816
Farsienglish,550000,4252.0,127.4,328155
pezeshki_beauti,181500,3470.7,182.0,336115
Manto__roz,88000,1139.0,32.0,465607
asrejadid_official,330000,4807.6,195.8,339739
shahre_movafaghiat,308000,4446.5,109.7,337051
daneshe.salamati,99000,1429.9,19.9,334226
ashpazi_decor,242000,3188.9,34.0,335734
Memari_bartar,275000,988.2,24.9,336047
Kice_Suzi,110000,4375.4,107.0,352319
music.video.parsi,154000,1939.6,25.9,342216
English._.idioms,220000,12123.2,89.3,429237
sh.k968,220000,5568.3,54.8,335055
myzoomg,3360000,11594.8,429.1,338153
Mehraban.kindergarten,550000,4871.9,195.3,330520
khabar_fouri.official,363000,392.6,15.5,333878
soonfact,33000,124.4,1.2,328142
Aroose_setare,58300,120.7,3.2,329239
Cilip_land,165000,1204.5,54.0,326009
Matne.Baran,308000,8371.7,67.0,336406
qajartime,275000,12641.9,575.3,332963
Jopitar,385000,12377.8,115.2,379100
matntorii,77000,3.8,0.0,15601
Lezzat_ashpazi,143000,1922.1,33.2,328816
hassan_reyvandi22,99000,8435.9,55.4,329772
pregnancy_science,165000,938.4,105.7,331215
khabar_beroz,110000,746.2,67.4,358193
1alisadeghian,1100000,6789.4,672.7,370174
text_lahzeha,330000,9285.7,85.5,324428
Bavar_zehn,242000,5588.0,518.7,318316
Idea_maa,198000,1158.1,26.5,316372
cliphaaaa1,110000,1660.8,81.6,321198
selfmade_ir,330000,6757.8,95.1,316424
Fot_fann,165000,1462.0,30.1,327723
mod__plus,132000,715.5,9.9,319710
Chideman.nov.arus,66000,803.7,17.1,320094
Bebinmanu,143000,4658.2,48.5,295396
ashpazie_samira,198000,761.7,53.7,314808
Fitness.pars,165000,5166.4,50.7,315711
houseplant_1984,2750000,3540.6,48.0,316211
digiato,2475000,10171.9,215.2,385699
iran_carlux,275000,3373.5,77.6,313878
makeup_aros_fashion,60500,538.3,10.6,417090
Persian.drag,170500,2557.4,48.7,314547
Donyaye.mod.zibayi,132000,641.0,11.8,377162
Aroose_ideall,77000,1504.3,17.9,306711
Textkha3,137500,26622.2,1053.0,792813
behtarinha_ba_hasti,165000,2539.5,93.0,310382
homegym_123,220000,1899.4,13.8,307667
makeupmodd,110000,854.4,11.7,315031
textfa_,1045000,9150.8,46.1,314331
gray_fashion,363000,710.1,8.2,263775
business.books,924000,3774.5,78.4,311093
Jol_gram,436700,4269.2,724.0,308096
Honaarmaandan,44000,1774.0,66.9,337482
Pias_free,220000,1990.6,23.4,304115
rouydad24.ir,660000,765.0,23.6,307948
Timarestan_irr,143000,898.1,77.1,295273
thezoomit,3360000,11200.0,238.0,322142
Full_tak,121000,2922.8,75.4,299649
Shikism,102300,158.6,8.0,731
antiki3,88000,2948.7,76.2,307159
Time.losting,132000,3920.2,41.5,268021
nikkarimi1350,33000,900.6,45.9,305638
arayesh_va_poost,165000,2389.7,25.1,301344
food_somaye,495000,16531.3,549.5,318813
Fateme__mokhtari,275000,233.6,144.4,299576
Hamsar.naz,165000,1866.5,83.5,390367
LEO.ORG1,7700000,75282.3,4153.4,1009985
Idea_shiik,143000,2470.8,71.0,345294
funn.clipp,96800,2989.6,36.7,511809
eghtesaad24.ir,550000,861.3,44.0,301904
lindakiani4__,33000,1006.4,16.3,299090
Pic.khaas,220000,4345.5,91.2,293644
aliiiiiiiikarimi8_havadaran,44000,3011.3,56.5,300460
Magic.facts,93500,3417.6,129.9,299298
Sahar.clipo,770000,5458.5,44.0,331777
perspoliss_fc,165000,7628.7,380.8,485605
majaleye_danestaniha,66000,1356.8,88.5,296352
Ashpaziiiasan,220000,1302.7,31.0,551427
Caffe_cinama,55000,2239.0,37.2,293306
Maragheh_az,330000,4556.1,81.0,294785
Sasankeshani,330000,28274.7,1394.9,698988
Tarikh_perspolis,71500,6821.5,250.7,358915
Top_honarmandan_ir,72600,4512.5,137.2,395763
entiremag,352000,191.5,2.7,831146
Pias_gym,275000,5268.9,69.1,333560
Steve_harvey_irani,770000,9734.3,110.0,649988
shiva_tarfand,60500,965.9,11.1,292603
Manazeleshik,66000,1737.6,17.1,284396
azerbaijanlite,110000,1556.6,25.4,290423
khodrobank,165000,322.0,18.9,291400
Iranian_artist,66000,2105.5,24.6,277704
naab__kade,121000,2037.8,67.6,288580
Sinaofficial_,165000,352.2,9.5,281012
Nini_video,143000,7291.7,57.6,289333
didani_org,77000,6259.7,346.9,581630
samoowr,49500,7802.5,152.8,319265
Zhestakkasi,187000,5107.6,96.8,331443
music.salatin,66000,871.1,12.1,287114
bebin.yadbegir,165000,2319.0,47.5,308866
Film_clip_ax,198000,5213.2,236.7,293620
ChaleshX,275000,3698.6,28.6,286341
miss_go0lsa,49500,463.8,26.3,286709
honarmandanmahbob1,165000,1966.1,99.8,296684
lezate_ashpazi_irani,132000,943.4,30.1,263718
_andishe_mosbat_,957000,2367.2,40.2,330728
Thstreetlife,198000,9243.4,93.1,291875
shattooot,143000,1296.7,17.7,268672
iran_car_lover,275000,8075.9,287.7,284537
black_text,121000,2634.3,40.5,280297
Bekhanism,88000,1815.0,26.4,289008
siasathaye_zanane,176000,3496.2,79.7,283111
Reflection_of_luve,209000,8272.1,162.9,359904
Soorikhand,132000,4499.4,99.2,326822
vaghte_yadgiri,165000,2807.2,67.3,412665
Aroose_malih,48400,1103.4,22.6,282746
Majale_roz,33000,9.7,0.8,300526
MHRBAHMDI,7700000,137923.6,22807.2,1177825
ir.aroos.center,132000,434.0,6.1,274691
music.video.pershia,121000,1630.5,21.6,284010
trocaj,55000,2097.0,20.7,272119
Ashpazi_ba_bartarinha,242000,14662.7,199.7,280681
Shahla968,110000,4927.9,50.6,276877
kamiyondaran,324500,4690.7,141.2,278373
matbakhe_khatoon,143000,1195.4,25.9,272413
architectural_design,64900,319.0,2.5,50804
206a,143000,5340.0,146.5,283070
zarintv,86900,16755.8,151.2,335484
maral.food,198000,3765.0,235.9,268698
rezagolshani_lifestyle,2200000,3047.8,330.5,277893
Doctor.neda,176000,2346.6,36.5,270724
Videocliporg,550000,914.4,18.8,275347
Mum_baby_food,220000,1875.7,68.4,279340
Hashemirafsnjani.ir,440000,1747.8,44.2,263973
textaban,935000,5575.1,21.1,277705
Zane_shikposh,44000,905.0,27.0,270991
khoshmazeha_,110000,449.0,20.7,253298
cilip_rooz,209000,2767.7,95.4,274645
vigiatonet,1870000,4953.3,204.4,296033
tanz.manz,220000,2480.2,44.7,257372
dokhii_art,88000,809.7,35.1,263773
naserbabakhanlooo,330000,8604.2,400.1,357100
ghahvetalkh.fanpage,176000,5152.9,35.7,240115
iranplantoriginal,220000,3713.3,33.4,262477
Kandushaqi,220000,10450.1,162.2,350768
behmusiiic,220000,3338.9,70.0,282426
khaneyeh_eshgh,82500,682.3,94.9,261483
Science_technology_world,550000,13915.5,303.7,269977
Tania_food,550000,4628.7,698.0,250574
clip_shad__,143000,1530.9,38.0,257301
Mosbato_bahal,187000,1718.4,13.4,260206
elhamhamidiiiiii,33000,1220.9,33.6,265016
makeupvideos_zibaii,99000,888.0,12.3,281271
music.sabz,88000,1425.5,9.9,258874
deltangi.dokhtarone,275000,7962.6,361.2,262442
clippp33,143000,1063.5,11.3,8650
pokhto.pazz,143000,1349.5,16.7,262855
Memesgraphy,330000,2979.7,26.1,259382
Mode.graphy,209000,7623.3,180.2,249881
weekfact,22000,217.0,5.3,258689
Khabar_truck,385000,9117.1,268.8,273039
dialogue.mandegar,110000,4508.9,41.2,258019
ashpazi_vatani,132000,873.6,32.3,240002
musiczik,330000,7770.8,48.7,254467
Moshavereh_steve,187000,9468.6,137.2,333258
naghashi_koodakesalem,99000,1352.8,8.5,254127
shahinikoo,220000,11074.1,1086.3,235001
Miniongraphy,110000,3855.2,34.0,245434
Zhest_naab,38500,37.6,0.1,5568
Ir.danestani,137500,11547.3,128.1,213637
Pishdabestan.rahmat,440000,3013.7,76.0,252007
english__education,110000,1950.3,60.6,253821
banoye_ashpazz,220000,1555.3,20.9,262384
tarahi_dokht_khanomii,77000,796.6,5.8,250717
kardasti_koodakaneh,110000,2330.2,25.7,252882
Per_facts,77000,1569.5,21.6,249792
honarmandan__tanz,55000,926.1,13.7,289966
Naghashi.koodakane,154000,1307.2,11.0,253634
Dr.sarraa,165000,2343.2,29.7,247999
Tehran._.news,220000,1153.3,47.3,253132
Fact_macting,55000,1139.4,80.9,262582
pelak_arvand,71500,4508.7,135.1,248990
Text_hidden,99000,4574.0,63.6,244750
iran_top_cars,275000,7430.2,163.6,249772
caafe.music,132000,1466.2,14.4,246617
Nasir.baloch68,55000,12434.3,429.0,248831
parsabad_today,385000,8665.4,433.2,265336
clip_kade3,77000,674.6,48.5,244085
videokadeh.tarfand,110000,2072.0,46.8,265936
farzandnet,253000,3420.6,106.6,239338
perspolis.fanz,165000,3577.8,46.7,235618
saeed.mentalist,11000000,5390.0,200.2,245047
Khandaloo_oo,134200,3268.7,19.6,264749
raze_jahan.fact,44000,295.1,7.2,245033
Just__zhele,147400,776.6,9.7,233630
Nabz_zendegi,302500,2497.7,180.2,245436
Tanz.clip.ir,60500,7478.3,83.5,374930
kootah_boland,220000,5430.7,116.5,240836
baran_musical,33000,1844.2,31.4,244306
radicalfact,231000,1014.8,30.6,230326
Tavalod_irani,132000,2700.6,43.3,233636
Moviee.mix,440000,13315.5,173.6,234024
mxrmag,308000,2981.5,41.4,260973
Pokidam.az.khande,146300,1430.5,19.6,234101
majaleye_ashpazi_khob,132000,499.1,28.0,230788
Parvaz.Nili,143000,3016.8,19.2,240391
Tarfande_khanedari,165000,2984.3,50.1,241592
faceless_facts,148500,10348.2,87.7,212392
animationfa,330000,4600.3,38.0,238837
Anything_interesting2,88000,6049.0,99.9,241168
dali_bazar_tabriz,110000,5778.7,62.1,334480
ashpazi.golchin,44000,766.4,15.0,235899
khabar_hashiye,99000,606.3,43.8,237030
histoo.mag,49500,712.6,20.4,228262
banooyenemoone2,132000,4781.1,57.0,239773
cinemanews,367400,14.7,5.7,312258
Iranian._.news,110000,815.7,18.3,238725
afkar_khis,209000,1745.1,39.2,233313
sajadnazariifar11,220000,4499.6,82.7,271442
Ashpazi_kadbanoha,143000,1658.2,22.3,236162
artist.irani,55000,6.1,0.1,189235
sirkhandkade,88000,3819.4,19.0,250354
_zibaeeeeee,105600,1570.6,49.8,229732
saladekhoshhal,412500,6178.3,39.7,231627
clip_ashpazi_irani,132000,1107.5,37.5,220848
shiriin_assal,132000,2289.0,20.9,229267
engareh__,132000,98.3,6.6,186923
tajclub1945,110000,890.2,149.3,248716
kafe_zendegii,38500,6.8,0.2,703
Energy_mosbat_angizeh,181500,1961.8,98.2,231763
Terazhdi,440000,17647.2,214.1,614420
zhabizart,242000,6314.4,52.3,230678
Angizeh.ir,60500,865.7,68.6,38957
amlaak_ir,23100,187.0,3.9,227841
Amirhosseinaslanian11,440000,3467.7,70.0,230791
mother.official1,165000,8330.1,76.9,240002
Sarashpaze_irooni,66000,176.7,1.6,238612
mahsa_aghadadi,2200000,17025.5,653.9,239283
Danestaniyha,66000,1707.9,80.7,248399
bekhaanim,396000,3366.1,24.0,229012
textimix,181500,9450.3,60.6,231608
honarmandangram,33000,298.2,26.1,226709
Magic.kadeh,88000,3275.5,131.5,227754
Lor.irr,33000,1374.7,64.0,298214
Ideafantezi,132000,1059.7,11.0,217726
Video_4persian,44000,1376.8,35.5,213748
ashpazi_ba_herfeeiha,176000,2764.1,57.1,234232
Kadbanooirooni,77000,1420.8,38.1,225743
khandeh_khandehh,75900,1548.2,30.9,250320
azerbaijanqizi,88000,1727.6,33.6,272324
yadbegirim.ir,143000,1365.3,21.1,239691
Shekvehaa,280500,8155.4,180.2,215871
rezvan._.basirniya70,33000,2308.4,79.5,220032
Benita_jamshidi,550000,7370.6,821.8,218273
Deser_shiik,44000,1017.5,18.8,220734
Steve.farsi,143000,6732.3,115.6,228714
Bakhtiariha.ir,495000,3520.6,121.7,237467
niniclip,187000,5179.9,46.7,224727
Twitterfarsi,275000,15588.2,470.7,236722
estghlal__news,44000,5749.4,174.7,256218
tvjanjal,40700,1335.0,77.3,203398
Toolbox.ir,66000,1902.7,62.6,253757
Aroose_tannaz,38500,2178.3,80.3,221974
mainfact,187000,1327.4,68.9,212888
Only_maquette,73700,1050.1,5.4,223664
Universe._.news,88000,731.2,14.9,222224
majale_art,44000,2733.2,86.0,264494
farhadzandvakili1,220000,164.5,1162.9,215433
sibsketch,330000,2596.3,28.3,226677
jahaze_aroos,48400,170.5,13.9,214957
Music.khaas,121000,722.3,17.6,238564
Music__neveshte,220000,6311.5,51.5,218664
hassan_khan88,1760000,19140.6,1260.4,225395
Peyke_sakhteman,275000,804.7,22.4,218668
Varzesh__banovan,77000,923.7,48.2,217859
Ashpazkhanum,55000,1069.4,56.6,226135
Havashi.toop,99000,274.8,85.3,225379
ketab.gram,110000,666.7,29.0,211525
Perspoliskhabar,220000,1804.9,48.9,257262
perspolisi_esi1986,22000,640.8,14.3,213582
delbar_nevis,38500,255.1,15.7,210291
Majale_sall,11000,35.8,0.5,216126
khanoome_no0on,132000,1283.1,17.4,212906
ezdevajgram,92400,3951.6,47.9,215147
Majaleh.ir,143000,4015.1,234.6,415588
razehasti.fact,55000,1706.1,48.2,213643
Pezeshk_irani,49500,1035.2,44.9,214466
banooye_khonedar,77000,846.3,16.1,215924
donyakenar,22000,162.8,3.5,213148
clipmix1,66000,620.9,5.4,237639
Timesfact,132000,375.2,75.5,197019
_khodaa__,302500,3246.5,107.4,216257
Wildlife.golden,132000,3258.0,42.9,291377
Ashpazi_va_khanedari,44000,99.4,6.9,2356
academy_zhele,147400,619.7,9.9,208336
go0d_mo0d,49500,1721.2,16.6,207798
bebinkoochooloo,55000,407.5,4.3,208270
vahsh.iran,77000,1426.5,8.3,212090
Textsmovie,291500,24503.9,847.1,365537
girlie_texts,165000,1397.3,56.5,209450
hesse_naab_,110000,4267.9,42.7,210899
Shokhi.bazar,72600,3749.2,64.5,263501
clipkoshti,77000,3333.4,40.8,207575
manzele_royaeii,44000,352.8,7.9,203519
Text_yalnizlik,88000,662.9,10.7,192168
Munsters.offroad,143000,1611.2,16.4,207746
clipnext,49500,595.1,6.7,207430
dovom.rahmat,275000,3492.4,115.7,216268
Baft_golenarges,165000,3384.3,137.7,206096
Mod_fashione,55000,1465.2,79.9,206690
Faxfact,110000,1117.4,18.0,201586
pediamag,132000,4909.7,116.7,194242
jameh24_com,440000,414.8,13.9,202721
Aroose_delbarane,44000,884.9,40.8,208899
Shiraz._.news,77000,645.3,8.3,207814
gooshegram,275000,5152.4,79.6,205988
fcperspolis_havadaran,33000,1120.2,18.7,206133
honarmandan.official_1,275000,2812.2,49.0,197380
Interstellar_space_ship,99000,1210.0,30.9,232065
ad.farivar,550000,457.8,6.3,201252
zhele_bano,363000,4202.7,29.9,203106
pic_chilik,38500,131.5,11.0,198141
signalemosbat,330000,5584.1,129.3,203864
baby__mag,66000,589.1,17.7,225504
videobaz.tv,55000,1611.6,37.8,197115
perspix,88000,4408.1,353.0,217931
matnehsasi,143000,559.5,4.6,209559
arayeshe.aroos,55000,673.2,42.1,203381
Factmact1,55000,203.1,4.6,192963
today_m0d,6600,59.4,1.3,202249
Clip_aroos,55000,595.3,10.5,199900
cinema_lovers_forever,176000,3810.0,91.1,203890
Text_lunatic,81400,1069.1,6.0,199391
clipcheh,44000,2059.0,82.5,199650
carworks.ir,275000,1329.0,23.4,213540
Aroose20,22000,17.7,0.8,200196
Azerbaijan.qizi,220000,1904.9,56.2,212820
Kkto_os,638000,41218.0,190.9,379536
Olgo_leyla,183700,925.3,14.3,196757
_funkadeh_,77000,1242.1,25.5,179322
tarfandestan2,44000,763.8,8.2,196844
Aram__org,44000,1409.9,84.3,194712
patoghe.ashpazi,66000,3113.3,29.0,199454
virgool_official,198000,1447.6,36.9,197538
koodakesalem,99000,3922.4,85.8,198164
Girly_artt,33000,319.3,10.3,189876
picamo_beauty,49500,902.4,10.8,198363
Yare_mehrabani,275000,2544.6,80.8,196414
alpha.fact,110000,105.7,34.1,196137
Farsimoon,176000,1274.7,9.8,185528
ko6ti.ir,44000,3131.7,50.1,198198
Delsokhan,88000,51.8,14.0,460
Uberfactsfarsi,110000,2994.8,117.4,223863
arayesh_malih,132000,409.1,27.9,208773
Sardarg0mam,165000,1020.6,5.9,192983
gabi__ir,550000,4283.7,54.1,194963
eshqh.man,88000,1875.1,52.0,193911
Mezon_kiyana,385000,1235.1,15.3,269220
ketab_bozorgan,88000,2044.5,13.1,189942
iraniimag,20900,134.2,3.3,197305
Pooshake.lachak,132000,394.4,22.6,233431
farhangelagh,143000,11705.4,463.0,206452
siya.sefiid,154000,12327.1,199.0,199827
Pezeshk_dr,49500,1628.6,57.8,193847
banoye_khallag,110000,875.1,16.5,188745
Shaeranne,159500,35217.7,234.8,483384
direfact,110000,964.2,75.2,194268
estghlalgram,165000,2678.9,59.4,199289
Radioesteghlalpage,44000,4603.7,132.3,226189
aroose_clip,44000,62.1,2.3,189866
Naser.mohebi,11000000,7710.9,385.4,191173
ensanifact,88000,7958.4,263.1,194669
Sports.ladies,77000,1112.5,60.6,190660
Sports__ladies,55000,1019.9,58.9,44458
manot0_,84700,1105.9,28.5,189155
inhashiyeh,275000,6325.9,124.5,192534
jol_farsi,385000,2982.0,322.3,190459
Raha_nazerii,27500,141.9,1.4,191173
Tarahan_nakhon,38500,655.1,13.6,183345
video.music_clip,75900,164.7,0.4,189753
sirena_amini,165000,1570.9,11.3,186151
iran_musical,71500,3147.5,82.1,193925
Tik.seda,110000,2331.7,58.5,188927
Salamati.zibai,77000,708.1,9.4,187410
soheilsabett,935000,2691.1,220.6,187597
Dialog_pazel,53900,261.9,0.7,178146
idea.khanomi,143000,904.8,25.7,186162
nab_banoo,154000,585.5,2.0,176224
khatami.yazd,462000,4703.0,264.1,196807
hee.vaa,66000,4885.5,83.6,184771
zarringhalam,220000,429.7,22.9,627
Doctor.halakoie,110000,2518.1,43.6,185130
Feelmio,135300,2189.1,24.3,176002
textkade_1,44000,2.0,0.3,167
Arch_land,77000,1665.8,36.5,183989
textenergy,77000,777.9,13.7,177592
Hashiye.ir,66000,397.3,25.4,187779
khoycity_az,77000,2181.3,52.8,184563
Architecture_Contemporary,61600,295.8,3.5,187382
worldhistory.ir,82500,877.4,29.1,178277
Full_new_day,96800,1873.2,40.4,202875
mobina__red,143000,5466.3,113.7,192283
iranianarchitect,110000,701.3,10.6,205895
hamsardari.nab,115500,2398.2,131.3,186287
kaf__khaab,59400,2808.4,33.2,188965
manokhodaam,132000,4496.6,139.8,182116
topcaptures,165000,10425.5,58.8,209559
Honarkade_irooni,77000,994.2,16.4,175296
harfam_official,55000,2482.7,27.8,210245
Axmaxbax,77000,462.4,24.5,177003
Honarmandan4,44000,764.2,53.6,179100
jalebtarin.fact,44000,195.0,5.8,181159
shikbedooz,88000,1907.8,37.7,254160
sheare_parsi,110000,2412.2,24.3,186479
mix.kade,71500,3040.5,42.0,325637
Mosahebee,66000,1580.0,50.1,177648
gitizoom,33000,170.0,4.5,178052
Art_f0r_art,110000,1866.7,18.5,174591
Shabaab_alahwaz,30800,1944.5,84.8,197010
Modstylle,60500,1048.5,13.5,173656
bamdad_cars,121000,4570.0,53.6,187746
sara__iiiiiii,880000,3334.9,236.3,169304
khodayekhoubam,148500,2017.8,45.0,174516
Biya_biyamoz,38500,925.1,7.4,175317
honarmandan_eshgh,6600,108.5,1.6,176197
esteghlalkhabar.ir,297000,4113.2,167.7,302853
ardabilli.ir,181500,2379.5,78.8,174726
Tabriz_ct_official,55000,807.5,29.2,175883
mari._.gold2,242000,8134.4,121.4,178525
Asheghane__khoda,110000,3336.6,39.1,165690
radiokhat,77000,1253.0,37.7,167708
animal._world_ir,143000,2522.7,36.2,355939
dalghak_insta,11000,887.6,38.0,190758
ashpazi_shikopik,77000,1157.2,39.2,172931
textkadeh,66000,8263.8,90.4,221040
Tabiat.gardi.ir,242000,8765.1,169.2,351010
cafegardesh,275000,9763.5,134.9,178330
Mottahedine_sorkh,44000,2058.7,57.6,196534
tannaz_khan99,2200000,117.1,3.4,1816
acardeon,187000,13223.6,189.6,167682
_movafagheiat,27500,1187.0,15.6,171921
RadiofyMusic,38500,1494.5,57.1,166505
Mohsen.yeeganeh,72600,1029.9,23.8,270083
Valehala,220000,8171.2,90.1,32533
amoozesh_honar20,88000,1070.2,9.1,165990
labkhande_halal,38500,682.2,22.5,170929
automobile.gram,55000,140.1,1.2,168699
idea_va_khalaqiat,77000,823.4,6.8,166869
Labkhand_tv1,108900,2460.2,175.5,211755
teatraj,88000,7698.7,364.2,164846
clip_funtori,44000,3070.1,33.2,213105
shik.o.pic,38500,786.1,11.0,170860
Clipe_honarmandan,71500,2401.6,238.2,184319
Loveoops_art,44000,1180.8,37.1,206391
Iranian.khas,88000,604.8,24.2,224128
Video_Love20,77000,1046.1,36.9,151257
Koodakidea,33000,387.5,2.4,166405
Matne.Khorshid,209000,7856.7,79.1,177274
cinama_voice,38500,6417.3,237.1,166846
Persiian_text,165000,19132.5,318.4,167475
ssnews,121000,516.1,30.5,167524
Txt_White_black,82500,1884.6,29.4,163238
tarbiatgram,91300,5074.3,81.5,166475
hamedeahangi_fan,49500,8933.3,85.4,333800
havashikade,88000,653.1,39.8,166251
Foocoball,91300,9780.0,53.7,171368
chi.bepooshim,55000,1005.8,21.2,157471
Aroose_adineh,44000,1163.1,35.7,166345
Cinema_ladies,275000,1047.9,27.4,170030
Banoye_ideall,99000,1098.8,35.3,159453
Behshadmokhtari,550000,2753.3,179.5,164121
Viewtxt,275000,8327.6,181.6,156401
tarfandeasan,165000,565.8,157.7,160980
shadi.kade,44000,2030.0,64.2,197900
foumix,60500,1930.6,16.3,166381
tikefarsi,55000,7333.3,107.8,194891
REDARMY_IR,66000,6241.0,3.4,157135
Bomfact,165000,8215.1,469.4,164381
Hame.chizz,55000,1050.0,20.7,137645
wiki.cartoon,110000,687.6,5.8,162069
taranenab,385000,11850.0,393.0,294947
Fit_healthy_momies,66000,884.7,6.3,159726
Khabarooz,110000,1552.4,97.1,165199
odin_valehala,330000,8483.5,84.4,494290
3khandeh,66000,3331.0,38.0,219322
Iran_4fit,88000,863.2,27.1,166662
Fote_ashpazi,110000,578.6,13.1,158008
Jazabtariin,44000,1737.6,61.4,203664
molana_parsi,99000,1988.0,59.3,163155
bazigarangram,33000,321.6,48.3,160229
Mohamadabasi.official,110000,2009.0,515.1,166053
ideh_ziba,49500,472.4,2.0,152025
Idea.nabb,110000,353.3,5.4,141923
vistalux.ir,61600,485.7,17.7,159908
Resturan_gardi_tehran,187000,3104.3,48.7,200592
Arezooye_asheghi,66000,912.4,19.4,223095
dialognab.ir,121000,19565.9,232.4,862239
soheilsangarzadeh2_fanpage,165000,4504.8,258.2,180036
Star_cliip,66000,684.8,10.4,152253
lux__decor,220000,1612.5,36.5,236461
Yoo_bro_org,44000,2213.2,19.8,144150
Vahidrahimiyan1,6600000,6603.3,129.0,158400
tajfc__,44000,1519.8,33.1,157747
pouyammohammadi,605000,7847.1,1924.7,488134
bazioshadi,170500,3734.0,51.7,155981
raminashop,440000,770.3,56.6,191946
honarmandan.stars,165000,1149.8,22.5,199380
koodak.joon,390500,7067.6,45.9,194247
Musavi_zah_ra,770000,10063.8,311.3,157183
asheghaneha__70,88000,3290.2,27.8,184840
Diazppam,123200,3519.5,95.6,153549
ya.imam.reza,154000,6945.6,212.0,157741
Matne.Khatereh,209000,5448.5,48.4,164678
Aroose_shikee,55000,1614.0,111.6,158747
model_lebas_set,44000,1072.5,22.1,153071
Kaghazsepid,275000,30586.5,244.0,163315
magzo,209000,11004.1,225.8,155701
hes.khalse,62700,1420.3,35.9,153076
ashpazio.khanedari,93500,813.0,10.4,153675
_abi_delan_,33000,1544.2,50.0,155035
cafee_muzik,165000,2257.5,23.4,151775
Idea_craft_lady,88000,771.1,14.1,149656
spinerplus,88000,641.1,29.9,153842
joel_sentences,220000,4626.6,432.3,153088
Vid_mid,66000,375.3,5.8,142790
Majaleh_rooz,44000,143.5,5.8,163952
succucactusss,110000,2788.9,11.1,150417
3kansbin,38500,944.9,14.2,158173
kidz_cutie,77000,1576.3,18.3,171890
sherographygram,220000,2748.0,17.0,152383
pezeshki.mag,44000,360.5,3.9,151601
doctor_salamat1,99000,1090.0,15.2,154002
Arroosta_truck,275000,14753.0,306.3,251059
_mode_top,88000,612.8,13.3,138121
ho3ino0,165000,12746.1,367.1,135255
Vaazhe,84700,3476.6,36.8,159143
persian.style_,44000,1001.3,42.0,14688
clipmix_,49500,629.7,13.4,149680
Deser_tameshkk,88000,748.9,6.1,150482
Shicgraphy,616000,1145.2,47.3,136770
jomlaax,104500,4968.2,92.6,148668
irgardesh,104500,1554.9,24.0,151336
spongbobegraphy,88000,9271.5,306.7,143823
Tike_khafan,88000,19.9,1.1,61
ax_zhest,49500,1182.9,14.3,166387
Home__mag,88000,550.7,15.1,152690
lili.perspolisii,143000,4287.0,140.9,152839
khayatinedaa,66000,2443.9,34.5,149690
Mr.angizeshi,132000,973.1,18.1,153519
uefaclassic,143000,2690.9,134.7,152089
kharej_az_shahr,88000,965.6,20.1,152605
istgahe_honar,99000,2332.3,28.4,144941
Jornale_aroos,55000,537.4,8.3,148086
funydoon,55000,2705.7,75.9,174937
karaj._.news,77000,753.9,27.9,164874
Noqqte,72600,529.4,4.2,138128
Persepolis_news,60500,1542.9,52.5,193516
civil_page,49500,591.9,9.5,147011
Twittergeram1,330000,4282.9,71.4,150362
biamozim_ir,77000,1445.6,21.4,170420
Qazal_e_farsi,220000,1764.0,16.7,139580
shirazihaye_bahal,55000,850.5,33.6,141890
shiik.style,38500,349.9,23.5,142985
Ashpazi_baa_narges,44000,1500.0,42.4,147753
Luxury_prof,123200,10027.4,265.5,153214
esfahan_web,165000,499.2,31.0,145735
Puniism,110000,6671.3,166.3,183162
dar_hashiiyee,66000,776.1,18.6,147101
cinemaserial,88000,927.5,24.0,168553
hotappnews,143000,1103.9,43.4,140863
troll.long,33000,1605.1,35.4,144809
Style.honar,33000,83.7,1.6,142861
varzesh.99tv,66000,1681.3,57.4,144093
cafee_turk,154000,1374.3,16.1,142340
clothespediaa,22000,1627.0,1.4,141651
teknik_oficial,99000,5258.0,139.6,135920
cleep22,33000,686.0,18.5,143209
Shins_ideas,165000,6208.5,194.8,150307
funfootnews,143000,9046.9,185.4,158452
rahmattadris,275000,1273.2,19.3,143446
pico.matn,88000,1791.6,32.1,159013
Fact_cool,55000,235.4,8.2,180062
hamsareh20,187000,3018.1,53.6,140663
shegefti.fact,38500,477.2,15.8,143695
Cake_decorationss,220000,3014.7,196.1,149997
makeup.by.negin,48400,929.8,29.6,190209
Construction.ir,165000,654.2,13.4,141649
pagebanoo,44000,729.2,40.2,134348
Hamadan.tanz,187000,4926.8,177.0,184200
Iranian_chefs,88000,889.1,16.7,142232
hamed.ahanghi,55000,1117.3,12.5,155669
mashhad._.news,275000,1268.0,41.6,164796
hayajan.fact,38500,244.9,5.4,141772
grey_dream,49500,11.7,0.7,135
kaf__khaab2,39600,6036.8,26.2,153699
tanazoe_bagha,147400,1034.0,23.1,187663
Behtarinhaaye__man,110000,1355.4,37.9,151562
Hairstyleformen.ir,99000,701.4,16.5,174240
Jubique.art,60500,4901.8,65.2,178339
elham_modern_decor,330000,1056.3,52.0,157067
ahmadvaaydaa,165000,5036.4,72.4,139933
kafsh_golsa,66000,70.7,2.0,138103
ir.drift,60500,1518.0,36.9,135002
Parsstyle,38500,29.6,0.1,130386
Golestan_official,66000,3119.9,57.8,156912
Musicabadan,48400,112.8,3.1,189747
Paparazzi_org,99000,2224.5,99.2,138870
mahsaa_hawrami,55000,5042.0,102.4,417921
danestani_clip,165000,153.0,2.7,138625
fc.esteghlalclub1324.ir,48400,1966.1,30.9,159388
Aroose_naze,55000,202.3,6.1,136106
Steve_persian,77000,3693.8,69.0,137257
Maman.Sepehr,165000,3433.8,55.9,136426
Narges.art__,38500,398.2,8.6,135866
aroose_mahee,55000,211.0,5.4,132852
bedanim_ir,77000,4006.1,74.5,199276
bavar.kon.ta.bebini,104500,4090.2,632.6,137693
Havashi.janjali,66000,5400.1,113.6,166925
khoda_txt,55000,5297.2,164.4,176328
banooiyat,93500,1052.9,17.4,142076
farmersiran,99000,906.6,30.6,221820
Gygart,198000,2484.4,37.4,136084
prof.luxury,55000,2463.7,34.5,106275
Fcparspolis,27500,761.1,19.5,129420
Zhussim,84700,3155.6,81.0,134215
Footballe_ziba,33000,1938.1,56.2,135666
Tajkabir.asia,55000,2221.0,25.1,137575
Fcesteghlal4,24200,3270.4,97.7,145737
ll_mehran_ll,55000,172.1,4.5,139837
Elahe.trips,220000,6506.3,311.3,131790
zibaie.mag,132000,1176.0,176.2,136786
booklira,209000,10624.7,420.9,219893
Emperaturi.Sorkh,13200,1418.9,21.6,134590
mamaei.javaane,27500,777.0,7.6,132865
goharansher,110000,5365.2,44.5,134191
estghlal.fc.news,110000,4633.8,206.1,150679
dessertworld_loverss,82500,374.6,16.3,130744
zibatarin.goll,44000,6828.3,152.2,140857
Shalvarbandari,55000,192.1,0.8,132887
keshavarziiran,99000,1571.4,42.2,205201
baby_khas,13200,600.2,7.3,150644
artnegashteh,220000,2290.6,69.3,128006
estghlal_abi4444,33000,1593.9,44.8,144983
tlou.official,77000,1324.2,53.8,133079
fouri_news,440000,802.0,83.6,131085
celebrity.pic98,27500,196.8,6.4,131058
Honarhandmade1,77000,1255.9,17.0,129919
ahwazpage,99000,1564.6,134.6,141117
asrarejahan.fact,27500,473.8,5.5,134941
vidomovie,176000,1621.0,16.2,104908
Pro_siaesefid,77000,824.9,3.5,151145
Iranian_superstars,38500,6229.2,300.3,242663
Cat_Fun__,244200,4991.6,210.7,125658
celebrity.news_ir,110000,1741.5,37.1,107398
text_ehsasssi,55000,1421.0,39.3,177440
Anadilii,82500,3906.5,150.8,337362
Es.es4,110000,1534.2,41.7,155296
Manzele_luxx,55000,491.3,20.2,156997
Musixbroz,66000,1278.7,7.3,134767
digi__game,264000,7619.6,165.6,137001
matne_nab3,143000,2761.7,30.6,134092
fan_havashi,48400,1368.2,63.3,144136
depturi,132000,11771.8,123.0,174676
Nish_goon,72600,879.8,45.7,112356
shekam_gardi,183700,74.3,0.6,117117
matnenab8,143000,3830.5,28.5,133651
Shik_hand_made,77000,2030.7,31.2,139046
nini_o_mamani,33000,584.8,42.7,129099
Aria.mohseni,132000,3658.3,88.0,137530
del__tangii,110000,346.9,5.3,124695
clipbakh,110000,3754.9,25.8,129506
Aroose_payetakht,55000,26.1,1.2,126685
lotus_vid,49500,1068.5,24.2,123959
Golemanoto,44000,2545.8,184.4,222908
MusicMZX,88000,2909.7,45.1,67268
nova.poem,220000,32782.5,454.4,291340
iranstylish_,27500,832.0,21.6,135937
Happiness_and_success,77000,995.5,41.1,124329
Fars_today,71500,2146.9,165.4,215709
Ehsase.nabi,143000,1028.0,8.8,128605
Caffeeshno,123200,12150.5,199.2,341007
Farnazz_art,121000,3892.9,165.1,126241
ravanshenase.koodak20,88000,1288.7,23.6,124930
Td_irani,187000,8275.3,73.3,261217
honarstan_idea,88000,531.6,20.3,148930
today_az,110000,1322.2,42.0,123068
hadesenews,55000,1842.8,97.7,178387
danestaniha_pezeshki.ir,14300,117.3,4.8,122508
1mostafa_sharafi,146300,1521.7,22.9,9433
Calldisney,154000,1281.8,8.4,118539
animalllovers21,123200,6398.1,116.8,138420
Lover.clip,33000,536.2,8.6,122410
Profile_cartooni,143000,3711.5,137.5,138612
Sokhanabi,165000,9102.5,105.6,151427
Gogoli_page,110000,6490.0,117.0,121388
clip_lorazpam,60500,403.6,44.7,164638
Mahmood_elm,22000,3483.7,88.3,116760
Mihansazan,198000,1153.8,34.9,165099
asclip,55000,1122.9,22.4,120768
istgahe__salamati,33000,183.1,22.3,120813
man.inner,198000,6729.0,92.8,142445
aroose_damad,44000,64.5,1.5,119610
bache.poldaraye.babol,99000,959.8,25.1,120035
Idea_rangii,74800,346.6,2.5,242493
majale.zendegi,220000,268.9,8.9,119860
Khoordani_ir,49500,394.6,9.4,118297
tehran_dollar,319000,1859.0,22.2,127835
gapo_gooft,110000,439.6,14.8,119251
zarrin.tv,220000,1150.4,66.3,114021
Persian_teroll,49500,1676.5,19.7,114005
esteghlall_champoins,48400,1271.5,20.0,119418
sepidehkhalatbarii,1210000,999.3,41.5,145750
Cinema.of.the.world,99000,4646.3,75.4,158577
Peyman.jahani,143000,4062.4,67.5,121843
Comical.ir,165000,9188.7,462.0,127547
nostal.show,22000,264.9,30.7,112420
mehdi_mohammadiyan,1100000,1137.8,108.3,117515
leyla_kuh,66000,816.8,11.3,120388
Dubsmash_irani1,88000,609.6,6.4,117120
tv_filmak,71500,561.1,16.6,123279
60sanie_tarfand,77000,1463.7,21.6,148360
fact.quest,132000,2.3,0.0,15
Clip_technology,88000,578.1,5.1,116866
Azerbaijan_clip,187000,1402.5,35.3,119427
asemaneh.maison,44000,850.1,37.6,138073
peymankaran,38500,1182.0,8.6,117699
giz_Viz,60500,1811.7,25.4,148738
aros.jazab,72600,111.1,0.4,112520
eshgh_graphi1,71500,3817.0,102.5,107031
tanzkadeye_irani,30800,74.9,0.8,136013
theater.theater,99000,782.3,6.3,118161
Kouhnavardan,143000,2632.0,55.1,132172
Khabarsorkh,147400,2314.2,75.6,108293
iranlegioners,220000,14801.8,731.4,418789
Design_billboard,22000,266.6,2.3,112090
bourserasmi,385000,1391.8,42.8,114655
My_guilan,242000,2352.2,67.9,142469
english_source,77000,452.5,36.7,118187
salamatezanan.plus,231000,2926.5,34.8,114100
Bamazzeha,42900,427.6,7.8,115109
clipe.land,71500,443.6,2.9,114618
Yazd.dorehami,44000,239.4,17.5,115531
English._.vocabulary,110000,8069.1,61.0,153792
kadbano_shim,82500,625.3,16.0,125610
pooyavadaie,60500000,1189.7,59.6,133011
Honar2khune,49500,493.8,8.9,107914
tahereh_a4444,36300,2823.6,220.6,109694
honaramuz,38500,466.4,5.4,113190
fcesteghlalii,110000,2390.6,41.1,120545
baghawan123,99000,1610.0,41.7,131837
mixord,77000,618.2,9.4,112904
majaleh_khabari,110000,2880.3,107.3,113190
Fashion_design_mark,24200,880.1,18.6,113474
rangi_rangi_life,60500,1420.1,30.7,111727
Khanome_ashpaz,30800,187.0,2.6,112721
Sharareh_mohajer,550000,4091.0,277.9,120913
Naghshe_shahru,60500,372.9,1.2,114562
zhestkade,132000,2314.1,111.7,183976
ghodrat_talghin,110000,2963.0,352.6,113746
clip_asheghane,36300,11185.3,197.8,111832
Biirahe,55000,501.3,5.9,110336
Melody.plus,77000,1610.2,70.8,111447
Shadmehrplus,48400,913.8,18.2,183327
goalpersia,77000,685.5,9.6,7638
Nokat_zanashooyi,77000,2066.6,70.4,110955
Mohamadkarimi16,550000,13981.0,1160.7,111099
negah_honari,36300,4162.8,182.2,103288
Ashpazie_khone,30800,163.2,2.5,110409
Clip_rozz,18700,158.0,2.7,4337
bahram_hamidian,550000,3585.2,64.2,108102
Mohadese.goldasteh,110000,4486.1,84.9,111804
taj.news,33000,1059.2,43.0,132937
Paitakhte7,77000,2132.9,18.1,113602
rapid_official,183700,4546.5,83.3,181869
perspolis.ig,44000,772.5,25.3,109751
raha_red1967,22000,947.4,22.3,109175
Rouydad24ir,330000,262.2,10.9,109133
osule_zendege,55000,682.2,15.7,113737
dokhtarune.khas,60500,487.2,6.1,105784
rasht.official,187000,280.2,12.8,107007
tarikhdarax,55000,2746.7,97.3,131519
fatemeh_sadat.x,88000,1220.0,54.9,106489
sweet.graphy,110000,7834.2,191.8,107543
rouz_negah,82500,346.3,2.7,107708
zhest_iran,55000,974.6,32.6,108197
lux__homes__,165000,949.8,25.7,122599
lebas_bandare1393,33000,1111.3,9.4,108201
Just_baby2020,33000,321.2,5.1,108677
ir_photographer,220000,162.1,50.4,103939
arayeshvazibaei,77000,95.2,1.9,104077
mode.plus,22000,3472.5,128.6,102638
Esteghlal_tehraan,27500,4865.1,67.6,153446
Mod_ziiibayiii,11000,52.2,0.4,106237
Khalkhal_today,121000,2111.6,77.8,106460
90tv.official_plus,396000,5919.3,90.1,107263
Maysamnoorkami,2200000,3916.8,1268.6,142054
maryam.bano.79,33000,5043.0,101.6,106136
Griffon.architecture,104500,1374.5,21.3,140376
iran.success,165000,249.0,27.8,104137
hi_guitarist,55000,2366.8,50.0,119632
learnenglishandhavefun,121000,179.5,14.7,99961
Shabhayebarareh_videos,88000,3916.4,35.2,105713
ashpazie_bartar,29700,381.6,18.6,104038
hayat_vahshii,88000,2901.9,54.2,295335
Vilamodern_ir,1100000,84.3,19.2,103538
Manto.pooshan,110000,391.3,26.7,101632
Nicotine.ir,88000,1587.1,12.4,127162
Bankvarzesh1,121000,1643.7,66.2,134810
Tavan_sangin,110000,2471.5,51.8,121546
matn.plus,55000,41053.1,774.7,140645
dokhtarane_parsii,22000,638.2,31.0,98637
Dorna94,165000,2267.4,49.6,102775
Tehran_university_,220000,1915.6,50.7,104602
yummy____world,110000,334.2,22.8,102835
bayadonabayad,99000,6141.3,293.9,98921
mahsa_khani1,110000,1593.4,388.5,102249
Fc_perspolis_ir,49500,569.7,8.0,100267
Marziyegholamiyan,1100000,7427.0,256.1,109817
Danestaan,77000,1964.3,78.3,100762
wikiserials,88000,4438.1,27.8,116270
132_sport_,39600,1610.7,15.4,102699
Sweetprincess.official,71500,3691.7,24.8,98936
zehnak.official,220000,2912.3,184.6,94263
Bavar_zehn2,88000,1447.1,83.2,98556
khabaar_online,71500,484.6,24.5,100661
Zibaee__salamatii,44000,2523.8,231.3,166504
seti_taji7777,132000,5856.0,126.3,108496
perspolisfc.news,66000,1361.2,21.5,98895
shima.sharif.academy,330000,308.2,7.6,98460
ahadis.bozorgan,187000,4130.7,20.1,100024
banooye_ashpazkhone,165000,1188.7,11.4,98860
cliprouz,44000,2742.0,511.8,104982
clip_farsiiran,22000,670.9,16.7,98600
naserbabakhanloo_story,165000,371.6,91.5,98496
sepidelifestyle,660000,1490.5,51.1,97044
tabiatkadee,110000,769.1,11.2,127203
Transfernews.ir,176000,5053.5,137.1,107624
hoseinnazari_lifestyle,1078000,506.6,52.1,93674
anti.ki3,41800,1920.1,64.9,97888
Girl.esteqlali,11000,645.9,18.7,97181
Pouism,154000,3859.0,327.9,158719
maghsoud_esmaeilzadeh,1100000,9135.3,154.5,126420
amozeshebargh,220000,2047.8,120.3,153367
madoox360,84700,34.3,0.6,95980
Mr_cliip,66000,437.3,6.3,95256
nature.iran.ir,110000,1234.1,16.6,111863
Masoudkermoni,1650000,14071.6,802.3,102097
Footknow,99000,745.3,15.8,94943
Dokhtarane_tabiatgard,132000,5256.8,297.7,101327
Cimkhardar,110000,7093.4,65.3,165169
andishkadeh_ir,88000,2613.9,22.2,149142
Funysho,473000,28248.7,303.1,912224
album.aroos,16500,18.9,0.1,93797
Persianlegioner,77000,4632.4,199.8,146093
Luxury_servisse,55000,247.6,3.9,111998
farzandebartar,60500,1594.9,19.2,92658
Atiyeh.azad.16,88000,974.2,131.2,91889
zheste_akkassii,49500,3547.3,61.0,91895
mojtaba_perspolisi76,71500,2670.9,37.1,93773
zadmehrali,55000,39.1,2.1,87105
ghannadi.khoonegi,60500,996.0,23.5,95207
Aroose_delrobaaa,55000,632.8,21.6,90340
apps_roid,44000,4849.7,82.6,100252
Milan.mandi,12100000,21023.1,548.6,212903
Matndeep,66000,830.6,18.9,84719
Parisa_zhele_shiraz,88000,1442.9,137.5,89621
arian_perspolisi91,15400,396.7,52.6,88248
amirhosseinshariifi,275000,935.0,346.8,251256
girl.blue4,11000,141.6,11.4,89128
play.clip,38500,254.9,1.9,87465
ketab_khune,55000,135.9,4.4,89400
Footnogy,220000,17212.1,392.9,129979
khalerize.65,220000,8092.6,280.1,87427
Perspolisfans.official,88000,1475.2,29.2,92464
ardabil__today,110000,2146.7,72.4,104781
taj.asiayi,16500,949.8,78.8,87681
transfer__ir,495000,6502.4,234.0,136129
tabrizone,60500,3283.8,128.8,112541
jol_takidi,110000,1983.2,241.8,86288
fitness.love.model,5500,59.4,2.2,85718
saragolgolii,220000,2366.0,35.5,85395
Faratar_az_momken,110000,741.9,5.2,84474
bartarin___ha,110000,283.7,8.7,97896
Videoaroos,99000,946.0,15.5,82902
amoozesh_niniha,77000,1578.9,32.2,83010
irmodstyle,44000,21.8,5.2,76828
bandar118.ir,27500,749.5,8.3,84823
Tarfande_cake,99000,1045.1,27.1,86485
footfunews,55000,9392.8,241.9,130545
Arteshesorkhh,77000,634.2,17.8,83912
bebinbanoo,44000,489.3,12.8,80027
Khoshmaze_doni,110000,691.9,11.2,77693
azaranjoman,19800,1672.1,120.5,86019
Sweet._.clip1,143000,1287.4,19.3,138605
khat.khodkari.gholizadeh,66000,650.7,9.7,81974
ghazakhonee,110000,610.1,7.2,79958
King__clip,30800,202.5,4.8,83222
sokhani.ba.khoda,88000,1723.6,17.0,82035
sorkhpolis66,16500,763.0,19.0,82109
serna_amini28,110000,4909.6,99.1,95529
clipqlic,49500,413.4,3.4,80829
Farzanehghani_skincare,220000,1027.7,118.2,94058
Abie__esteghlali,16500,4216.6,69.2,84683
estherhicksfarsi,48400,1176.9,54.1,98524
didani.facts,38500,484.4,5.6,86963
koronaism,110000,2340.6,39.0,74220
esteghlali4atisheh,44000,942.4,14.7,94310
resaneh.sorkh,55000,1135.2,25.6,80650
takhtegaz.mag,66000,633.5,19.6,84083
Haydeh_mosic,165000,4195.0,37.2,88216
Honare__khanedari,38500,661.5,21.9,80574
boreshi.az.ketab,154000,5020.2,34.2,85424
eshge_football,27500,6166.9,85.3,80096
Fun_figor,55000,11507.5,158.9,650323
doctoreonline,49500,1172.6,14.2,78597
Clip_sho,49500,311.3,4.5,78353
Zanashooyi.nab,60500,802.2,82.0,78777
niyazhosseiin,143000,10536.6,235.1,112006
Clipisland,8800,1332.2,1.0,77103
nini_o_mamani2,11000,434.5,10.3,76478
patrolsavaran.ir,110000,1024.3,30.6,76431
tavalod_irani2,82500,964.8,22.6,78208
Fun_futball120,99000,2119.1,45.9,75842
aparat.cafe,330000,463.2,8.6,75559
tourism_persiaa,71390,5239.0,71.3,90952
Sherafit_,5500000,2362.9,55.6,91580
vayner_mix,88000,760.6,13.2,75481
gam3r.official,176000,3541.5,161.2,76699
favorites.ir,88000,4001.2,16.7,76807
farspics,33000,7134.7,555.6,88989
galleryganj,110000,639.2,5.5,116680
Azerbaijanclip,176000,657.1,27.3,74981
iran.gamers98,77000,3879.5,94.4,95824
Cars.3d,71500,2549.6,54.0,70930
goldooneman_insta,170500,10673.3,267.4,115600
girlyartt,66000,3872.4,112.2,71041
esteghlal.kabir,44000,1419.4,31.6,102162
Shicplus,60500,1407.3,22.4,67621
Idea.khaass,66000,498.0,23.1,71374
deedart.ir,165000,289.9,13.2,67533
Shabake_banovan,71500,2522.6,97.8,75795
donyaye.game,121000,1950.4,76.7,74107
Girl.taji7,99000,1877.6,38.1,119916
shiraz_intro,77000,251.9,22.4,72453
Elnazshakerdoostl_,33000,2519.1,76.8,76325
fateme_taghvae,55000,465.0,9.6,82392
Perspolissfc6,11000,614.6,16.0,70324
tehran.resturants,314050,1629.9,27.5,71101
alborztoday,220000,2104.4,75.1,81146
Ashpazi.yasnaa,44000,383.9,9.6,71772
Roozaye_shiik,55000,2707.7,89.2,79486
ordibeheshtia,165000,1790.6,52.8,70607
Sarbaze_sorkh24,33000,730.7,17.3,72600
pedare.puldar,110000,472.4,4.5,69119
tabriztoday.ir,22000,7.5,3.7,70474
khoda.nakoshatet,28600,542.3,6.3,68394
Ashpazi.arta,55000,389.6,6.4,70192
Matne_khas5,110000,2349.1,16.2,81817
panda.clip,55000,3523.8,34.9,69459
havadar._.abi,22000,531.4,14.0,69985
animals.mag,44000,4008.7,71.6,96631
shadowgame_fa,105600,4066.4,114.8,70730
Statuslorii,110000,2081.3,30.1,122285
Ahwaz_pol,22000,1413.2,91.1,97404
archnegar,16500,312.4,1.8,67142
Codoen,77000,770.0,32.9,68400
cafeehoonar,40700,1290.3,51.7,81535
hmn.iranmanesh_fan,53900,1909.5,46.2,69230
hashiyeh.ruz,88000,1303.5,107.0,135749
shabjome1,16500,2379.8,29.2,66897
iraneziba_,16500,670.5,71.0,69128
girl__perspoliisii,55000,1432.2,26.9,71039
farivarkharabati,935000,19367.9,411.6,126659
parmidaskitchen,770000,721.9,57.8,67320
Myasheghaneha_,132000,6294.7,113.4,160784
Bekhandkadeh,61600,397.4,18.3,62821
products.ir,44000,134.7,1.5,2588
istanbulbasudabe,550000,2767.1,101.6,67042
Marandcity25,71500,1975.4,59.6,70210
lovely_pregnancy_,38500,342.4,12.9,66530
funfootclip,33000,9140.2,179.0,107109
deel.kade,55000,1565.3,11.3,68961
mehdi_kavandi,77000,59.1,5.9,274
Footquot,66000,1510.6,38.5,66542
Tabe_asheghi,60500,550.4,7.7,61973
akhbar_fuori,55000,180.9,9.1,73856
Footbaleziba,22000,935.0,24.9,65702
teknike_fotbali,88000,1970.2,12.8,122917
zendegi.nabb,77000,2212.4,39.2,74634
world_by_cams,49500,396.6,4.7,58294
Haajigame,715000,3923.6,1483.7,98668
about.coffee.mag,495000,319.6,11.2,61249
Makeup.beautyplus,33000,1198.8,43.3,167344
shadi_red666,7700,417.3,5.2,64116
lornfact,88000,375.7,12.3,64367
twbourse,440000,1143.0,102.3,65253
Vivateammelli,38500,3126.7,58.7,63998
artshav.official,330000,67.0,3.9,550
gamefa.official,110000,931.1,53.1,85786
asalfakherigouya,550000,91.7,8.7,62431
English_vocab_daily,66000,145.4,22.9,66318
Tabriz_nab,55000,165.7,7.2,61380
Manoto_text,38500,3956.9,125.9,54369
roya__ratin,198000,662.8,79.0,61079
successvoice_ir,88000,389.9,10.6,56206
shetabdahi,143000,747.0,23.0,61372
Ashpazi.goolchin,33000,226.9,4.3,60720
amolemrouz,165000,445.0,100.3,63675
1khati_,55000,516.8,2.7,52606
Shikpoosh_mod,22000,79.0,0.6,59384
daheshastiaa,66000,862.0,14.1,90829
Kafsh_kif_shik1,330000,446.3,11.9,154374
advexir,88000,143.9,7.8,58668
honarmandann_irani,44000,279.6,6.7,57989
turkey_mosic,49500,9175.3,120.0,201311
mix.mazzeh,55000,215.9,13.7,58702
Diana_roma.ir,88000,5239.7,20.8,93332
idea_honarsaz,110000,945.2,13.1,96769
ramsarflowers,66000,306.8,19.5,53656
photo.geraf,88000,797.2,30.5,54629
applelearnings,649000,3398.8,583.4,109064
Manzel_e_man,33000,408.4,11.6,56695
Parisa6atishe,66000,598.0,12.9,57068
Honarkade_2020_,49500,810.5,7.5,100705
Por.az.idea,27500,624.2,7.4,54655
english.education.vocab,49500,942.9,40.8,57311
Shirazbiatoo,38500,346.9,31.4,71073
football_khuzestan,55000,539.5,8.7,56200
perfect_persian_style,165000,239.7,3.5,55333
shabake.clip,99000,446.6,19.9,56754
artparo,110000,176.2,20.3,132
Varzesh_va_raghs,93500,837.4,42.7,55637
Nikkarimi1350_,27500,2473.1,56.8,58973
farzanehkazemini,1650000,126.9,4.6,53764
pbmag.ir,605000,1841.6,53.1,54015
Amozesh_cake2021,55000,1249.8,21.6,56072
banoo_blog,60500,2647.2,76.0,56961
hamide_vz,55000,199.7,31.9,45038
kamiyonbazan,60500,791.1,14.3,54561
Germanycarsiran,275000,13891.7,481.8,106634
isfahan_university,176000,2003.4,57.3,59132
Deutschemovies,198000,1464.8,30.9,70100
Bano_muzic,110000,3060.3,29.6,56047
Zibatarinan,55000,52.0,0.8,71504
varzeshgram3,88000,1469.2,14.1,53883
Bestps4ir,165000,1699.7,33.8,65033
Dena_savaran_plus,13200,1081.6,9.8,53357
sobheabadeh,55000,716.1,7.8,54076
AharNews.ir,330000,762.6,9.6,55341
masumeh_babak__,1100000,8614.5,376.7,52763
somy_oladi,660000,4859.5,363.6,70855
Akhbar_university,275000,1699.8,51.1,62299
arzha_net,220000,914.7,14.5,50134
memartori,41800,461.1,6.0,92660
postomosalamati,440000,715.7,46.4,52536
angizeh__zendegi_,137500,3814.8,457.9,52099
plusangizeshi,66000,732.4,9.1,83162
VOLVO_.TRUCKS,110000,841.3,12.7,57485
pardisgame.official,55000,350.5,5.4,49012
ghomayshinews,38500,1563.7,35.1,75927
funy.one,209000,364.2,20.3,46455
tedcenter,75900,462.7,8.5,50332
hajar_esteghlali,44000,1969.8,59.4,51862
civilistar,44000,580.0,27.5,57239
Boose_ta_eshgh,66000,699.3,16.5,52298
Shahla.gh75,13200,186.6,2.8,51267
shamim_asgh,33000,66.0,19.8,51407
clipshare1,27500,161.7,4.3,49908
civil_web,27500,623.5,12.6,51365
factmain,7700,242.9,26.2,49221
Melodisaremi,220000,6937.5,135.7,49221
Banooye.man_,77000,792.1,70.2,52126
razi_tabib,17600,95.8,2.5,49816
isuzu.bazan,55000,1490.1,8.5,58719
arak.tourist,88000,2504.8,88.7,54294
shahroodnegar,154000,1837.8,127.0,60850
Bazi_gram,38500,4028.4,59.9,46031
Lebas.majale,55000,131.0,2.2,49966
gishe.news,165000,207.2,7.4,48713
cinema_r,22000,143.2,1.4,49175
Mrstory.official,44000,628.9,831.4,49588
Anadiss.ir,77000,980.2,208.2,59930
Iranhitchhiking,220000,2275.1,71.6,49128
Masoudkermonii,165000,2256.6,24.8,51559
ashpazi.majlesii,33000,2764.1,69.6,139321
Idea_rangi_mangi,55000,620.2,25.2,63539
Sadaf_tajii,88000,2186.2,39.9,63413
Ayn_shin_ghaf,88000,967.0,21.8,48084
radiosorna,44000,307.3,6.1,47283
razee.del,55000,1124.5,201.8,48568
ravanshenasi_rawabett,22000,141.7,1.7,47029
honarkade_nasi,44000,236.4,2.9,48260
amin.carsell,220000,5376.1,294.3,53476
mindplus99,33000,5194.7,132.2,75787
e3teghlali4atisheh,33000,856.7,10.0,52156
mojeze_eshgh2,66000,3201.5,35.4,74471
mahsa.tajiiiii,16500,764.6,13.1,46421
nabzearamesh2,66000,1839.5,22.3,49953
automobile_fa,82500,2355.3,76.4,64060
sernaperspolisi66,8800,395.3,20.6,45639
Nikikarimi_lover,27500,1970.5,44.6,49867
esfahanlive,75900,235.2,9.4,43487
Baznashr_all,55000,361.2,14.1,45432
koodak.mag,170500,2306.3,24.1,44402
Sevomrahmat,220000,3770.4,92.0,84362
1dokht_bartar,33000,62.7,0.2,37062
artporf,60500,8528.7,133.8,57800
samyarsalimi94,44000,3638.8,158.7,39324
majid_garmabdary,220000,11.3,0.0,40725
irmosafer,16500,268.0,4.1,39324
ashpaziechef,55000,100.6,1.6,41195
Girl.blue9,88000,430.5,20.5,59087
baftaniiha,27500,324.2,4.6,41875
esteghlal_tweet,44000,1550.7,184.8,138156
Pars_guitarist,33000,1350.9,38.2,61664
roya.esteghlali44,9900,1106.8,22.5,42349
ahwaz_karoun,11000,327.3,17.8,68985
jiroft_estekhdam,82500,293.9,1.4,50190
Instamoon.online,16500,164.8,10.8,38514
fatemeh_sadat.y,22000,1237.2,52.4,41062
jokdarmani,17600,307.7,2.6,39488
concertcenter,55000,524.2,33.4,40384
fashionworld_loverss,27500,304.2,12.0,43684
bazare_mashinn,55000,339.9,7.3,41184
khandelak,11000,8.5,0.4,39375
nodid.architecture,440000,207.9,0.8,37492
Animal.sx,33000,74.0,0.8,47144
Erfan_sokhan,55000,4355.3,70.9,59907
khouz_khabar,77000,1579.7,128.1,56552
Alisam_________,165000,1221.6,254.2,39737
mahsa_sadat.x,22000,1230.4,44.7,39353
honarkadeh_sheida,22000,885.0,82.2,39397
abarman_manbartar,16500,61.8,0.1,38211
ekbatanonline,660000,1708.8,69.2,42073
amirkabir_uni,154000,1126.6,25.2,39430
taji_asu4,16500,857.4,13.3,38413
Shokufehazizi,1650000,1011.3,85.7,37803
baran.tajiiii,22000,516.9,19.3,38108
shimaseyedkhani,55000,14.5,29.9,37328
itnewz,170500,410.8,12.0,37274
Shilakhodadad1,22000,4599.6,106.9,51957
doniay.hivanat27,38500,376.7,6.2,41162
aroose_malakeh,38500,49.0,1.1,36475
Khanedari_iroooni,27500,1645.5,71.3,74150
ordakestaan,88000,3107.8,34.1,36597
art.zhest,66000,2674.1,94.5,78418
sharghdaily1,1100000,264.3,24.1,41554
lidomatv,165000,885.7,36.7,39985
saze_zendegi2020,110000,304.5,6.5,35436
ifootiworld,27500,959.8,48.0,34715
Honar.bon,30800,76.3,24.0,10714
momi_masumeh,99000,1835.0,154.8,34882
elmos_students,121000,656.2,13.9,36093
Sarhangestan11,82500,7272.6,422.3,49265
samte.haram3,33000,334.2,6.7,34410
startupdaily_,1155000,1045.9,15.9,35385
idea_khanomane,33000,265.3,12.9,35165
Urmia_university,49500,1574.8,31.2,50445
Luxury_cars_tabriz,88000,1335.2,28.5,34566
bandareziba,6600,682.4,22.8,34615
Red.armyasia,44000,415.9,9.2,34189
Mod_zibaro,418000,2657.5,35.1,32711
Persianleaguee,44000,4013.1,95.3,80901
shiraz_university_,88000,890.8,32.2,36608
narges.fitstyle,275000,2018.8,77.8,53088
shahrebam,38500,623.0,9.8,36392
text_ghalbi,5500,23.3,0.4,33861
nicdesign_official,16500,36.9,1.2,33421
zheste_akase,55000,3632.9,64.9,65389
mohammadrezaaliakbar,220000,10119.9,255.1,82523
Zibatarin_mod,44000,32.8,1.1,33053
mosbat_400,60500,5857.0,150.9,65530
mui_ac,143000,1362.0,35.0,33858
driftdrive,30800,390.8,5.8,30792
Khanedarie_basaliigheha,55000,645.3,36.6,39862
wiki.food,24200,92.3,4.0,31213
bahar.tajiiii4,11000,664.1,17.8,32280
mahsa.esteghlali4,16500,1085.8,19.6,32249
futball_mix,44000,532.9,13.0,31334
_energyy_mosbat,49500,294.9,29.4,31959
ashpazi_maryam2,16500,401.3,20.2,30831
nimamalek,44000,724.9,39.5,30128
Catal4n_ir,55000,1963.8,43.1,43848
Perspolis.football.club,33000,521.5,13.8,30230
funy_farsi,25300,105.4,0.7,29585
Wi0let,143000,29796.9,844.4,90436
Jmphotographi,44000,287.7,5.2,28497
alikheiri_official,38500,629.3,23.9,21565
Magicofmusique,242000,8277.3,186.9,179319
daheshastiaaa,110000,220.6,7.2,1561
Santa.maria.karimi,66000,510.5,28.9,30568
Khabarfitcom,220000,849.5,30.6,34456
dehbozorgialireza,22000,1230.2,85.7,30176
danestani_pezeshkiii,55000,64.9,2.9,29871
Perspolis_tofan_asia,16500,1130.5,15.7,29341
matnenglisi,6600,203.4,1.4,28942
Inafshin,77000,3393.4,213.3,28253
dashkhande,33000,76.1,0.5,28243
otaqroyai,110000,1556.6,9.9,24418
picamo_men,44000,3291.9,19.6,28936
TAKANESH_MOSBAT,110000,614.4,8.3,27826
artesh_4bi,55000,1067.1,14.4,48580
Ebarat.mosbat,53900,3847.5,344.8,71973
mohsenalizadeh_ir,330000,1553.4,74.4,26173
technologyjahan,11000,92.8,0.6,27107
iran.wrestling.camp,132000,861.2,11.0,26778
Poolsazi.ir,55000,1190.4,117.9,43007
asrejadid_video,4400,298.6,10.0,26082
Atoosa_poormokhtar,33000,264.9,4.4,26876
Safarbama,2200000,28.7,45.0,74999
Tablighat_hamzaman,27500,2594.0,90.3,36725
Banoye.barfi,33000,172.3,6.6,52987
Cinema__dialog,22000,1002.9,13.9,29149
shootbalista.challenge,77000,18449.0,264.0,26124
soheil.taghavi,550000,2195.9,222.8,32560
Tanzoeshgh,24200,708.6,32.7,30698
isfahanlovee,27500,668.4,9.2,24224
isfahan_university_,143000,1392.7,41.1,32189
lottery_usa,550000,1348.6,79.7,25709
lezzate_asheghi,22000,308.1,1.4,25620
zounkan.music,33000,530.3,17.2,39844
Akhbar_farhangii,55000,710.7,63.6,27290
Target.agency,55000,701.4,6.5,25153
luxurystore.company,489500,96.9,9.5,23642
mezon.nini3,11000,83.4,2.0,25092
iwsports,330000,1106.7,21.0,46219
bazigaran.zibaa,22000,129.9,3.0,34989
somayeh.sanay,55000,6470.9,268.9,34068
ali666ila,1100000,1117.5,174.1,25010
Lindakiani3__,27500,2157.0,37.3,40115
pezeshkiteb,16500,97.7,1.8,24191
9part,27500,150.9,1.6,23561
Bavar._.mosbat,22000,774.5,109.9,24231
banayefakheriranian,550000,206.4,5.9,22960
Footballi1_com,27500,718.9,19.7,45930
IELTS.with.Vahid,5500000,226.5,17.0,22860
Sarein_cheshmalar,33000,694.2,16.4,27876
ehssanr,110000,254.3,20.5,25477
gaming__masteran,55000,900.1,17.7,22659
Idea.karrbordi,33000,278.0,6.5,80081
Film_serial_movie,11000,400.9,2.4,22739
sovran_80,33000,693.3,17.7,23155
matne_nik1,44000,633.1,4.2,23791
amozsh_golabtoon_dozi,22000,856.3,23.3,23742
petyab_rabinseh,55000,702.8,0.8,25225
karajdear,55000,152.7,4.8,22856
Masih.sajedi,990000,4195.7,132.5,22432
artavilim,33000,1612.4,62.0,22451
saadi_parsi,44000,4375.3,27.6,71026
sebghatazad.ir,55000,748.9,29.7,22218
sanaz_tajiiiii,16500,764.2,13.1,22133
Arak.university,38500,750.0,5.2,22066
honarmand_lezat,13200,63.9,1.8,19460
hakimanehh,132000,1603.1,321.4,21693
Jarahanebini,15400,6.9,21.5,21756
iut_student,143000,1219.2,26.2,29084
pichakjewelry,71500,228.7,13.7,20136
Labbaik_ya_mahdiii,44000,1276.1,16.8,24859
arakihai,27500,1164.1,113.0,29850
creative_iideeas,33000,151.2,3.6,21141
sahar_amooreza,44000,148.8,3.0,20975
cookingvideo,22000,97.1,0.9,21059
shoushtarihaa,55000,1430.2,59.8,35074
netnews_iran1,55000,413.9,14.5,25677
Ashpaz_khaanoom,38500,1702.3,30.5,107647
Roganet1,23870,88.6,23.1,20565
_al_ahwaz,33000,2.5,0.1,116
Piranshahr_tarhim,14300,819.5,24.1,54014
adak_fut,16500,733.0,25.5,46231
hesekholase,110000,18.3,5.3,20557
Zooklip,27500,5.7,0.4,11740
m.e.dehdashti,110000,138.4,7.7,20308
ciliip_land,55000,329.8,8.2,19779
Yahya.tanha,66000,776.1,10.7,19448
Mylife_mycar,38500,7728.8,51.0,29328
do2ping,44000,54.8,0.6,18338
Clubs.fact,33000,151.4,3.1,19638
trollfootballirani,104500,6930.3,270.8,35122
modajob_ir,165000,402.8,9.5,19851
langarudiha20,49500,294.3,8.9,21288
asheghaneh_bato_,27500,1680.7,23.3,29011
Ashpaziibadelojan,27500,592.7,8.3,15857
langarud_official,49500,477.0,17.3,29325
sb_university,110000,1101.8,28.5,22160
burdastyle_iran,55000,156.0,4.2,18322
iamserrna,88000,2657.3,42.4,19430
allame_students,110000,841.5,19.5,20337
mahsapersepolisi,44000,777.6,9.6,23022
khu_students,110000,625.1,12.9,20460
Aksgrafy,55000,1881.3,22.0,16494
tmu_ac,110000,589.7,14.4,19521
pato1.ir,220000,522.1,38.5,24565
maraghehTime.s,16500,457.7,9.9,18055
gifterland.ir,66000,48.9,2.5,16448
Sharif_dorehami,110000,661.3,16.2,19843
kntu_stu,110000,644.9,13.5,19998
catfilma,38500,1113.3,21.9,19774
Usc_students,110000,457.1,6.1,18292
ariyansafirsalamat,110000,462.0,9.8,21661
khaterate.ghadimi,16500,577.1,6.6,16232
zehnemosbat1401,33000,166.5,15.9,17351
MO_27_REZA,108900,589.0,45.2,19802
kazeroonhome,165000,421.9,15.4,16196
malichii_com,440000,147.3,10.5,15980
Kafe_mashverat,44000,329.5,93.1,15334
iranian.champions,27500,460.0,13.2,16151
arooso_arayesh,27500,780.7,29.8,16791
mehdirafiee8,88000,1120.7,15.3,16141
ideas_jingoli,27500,144.7,1.0,17146
Tv.dap,44000,777.2,134.1,19071
factt_tv,27500,1210.2,37.4,34079
Varzeshbank,220000,4335.3,124.9,16666
Nesli_ir,22000,591.5,21.1,13378
Ardabil_rasa,33000,247.1,8.2,17636
akhbar_pnu,110000,18.9,19.3,15435
Samiin.gallery,330000,1061.0,84.8,15781
mahdidub_1z,550000,2382.6,35.4,28809
Its_my_dailylife,165000,2641.5,178.4,14442
yazdcenter,55000,237.3,6.4,14662
_tajrobezendegi_,8250,254.2,11.8,14736
urbanism_architect_civil,110000,11.8,0.2,14294
Znu_bax,27500,410.1,33.1,16628
aramesh.tv,5500,247.2,2.5,13320
estekhdambnd,11000,214.0,2.2,15928
Mrfootbally,11000,1835.6,39.9,14709
tour_khodemooni,1100000,447.5,22.8,15819
sahar1art,5500,294.0,36.3,14391
Haniyehrostamiyan,1100000,1340.2,67.9,14786
Nafasperspolisii,11000,309.0,9.7,13949
bahar_tawji,33000,2207.1,81.0,18946
shirazbio,38500,167.2,2.6,13679
urmiauni_ac,99000,374.4,7.1,15152
postmosalamati,275000,19.4,10.3,13789
ir_zhest,33000,247.4,2.3,12462
Khoycity_ir,55000,1302.7,16.2,14129
gallerynoora11,110000,217.4,13.9,15320
Perspolisi_fanpage6,13200,13.4,5.7,14468
tabrizuni_students,99000,577.7,8.1,17636
fcaluminium,108900,1468.1,135.4,15423
buffalo_restaurant_,27500,105.1,3.0,13481
ferdowsi_uni,99000,492.9,7.7,17748
yassplast,44000,115.7,37.1,11744
beautybnd,2200,810.0,12.3,13516
Chia_khan_bayzidi,55000,2326.1,28.2,25170
amirkabir_students,99000,901.5,13.7,18485
shokooh.faridfar,275000,482.7,78.2,13142
Farhad777majide,33000,868.5,17.8,11905
chamran_student,99000,393.1,5.4,14995
hadimohsentabar,305800,442.9,37.8,12941
shomalkoja,27500,1016.1,85.3,19655
honare.khat.ir,16500,173.5,2.2,12711
ut_daneshjoo,99000,464.0,11.8,16871
Hadiadine.v,22000,285.5,0.0,10908
Arash_bargozideh,660000,236.0,1.1,12980
Poolsazii.ir__,38500,386.1,100.8,13406
Yazdani_farrii,611600,2238.3,204.7,12581
Aroose_gisoo,27500,2753.6,106.5,26542
behzadoveisi,55000,1006.6,52.4,13718
Faribakarami9,110000,30.1,0.9,12579
cinemar_2,17600,40.6,0.2,12627
mit24.ir,44000,152.5,85.4,10619
Farhad_zandvakili_fanpage1,27500,3.3,14.9,12508
Sums_ac,22000,85.1,2.7,13128
Chakadclub,110000,147.6,4.4,14514
mahoorbeautyshop,11000,32.1,1.4,11640
xiaomibaaz,440000,12620.9,1797.0,108984
darmanbnd,3850,51.0,0.5,11945
MILAN.persian,16500,2609.2,60.2,20543
alirezaerfan59_official,110000,309.9,2.4,11469
sketches.ir,16500,5.0,0.5,43
soroshazmalab,110000,125.4,0.3,11229
Negin.s4s4,11000,296.8,96.0,15779
sahar__gram,33000,2016.3,10.1,100693
sajad_parvaneh,88000,214.5,19.5,11595
Nafasii_ghahroudi,44000,682.7,27.6,11734
trollrapir,44000,3412.5,200.5,20034
Saeed_turk_ahar,15400,179.8,7.2,11688
nazanin_parva1,110000,1873.3,64.3,11385
vilamodern.original,330000,33.1,5.6,12738
sekans_tanz,55000,11.0,0.3,863
Soheil_travel,275000,1457.8,92.1,12229
batogram,44000,186.5,3.0,10669
Nasrabadi,110000,287.3,8.9,11033
mhmdrza.jfrpur,33000,584.2,75.7,11978
Export.oman,550000,512.6,23.9,11633
onyx.kitchen,550000,78.5,4.1,11208
Tabiat_iran20,16500,113.7,3.4,555
hadi.prh,88000,766.8,43.4,11011
decorina_,165000,82.8,1.2,10228
Mobina_life_stylee,110000,38.1,97.3,12114
iran_art_shop,16500,2.4,0.0,107
artimiskala,5500,47.6,3.7,9939
concert_land,22000,88.6,0.9,10638
Classicstudio_kids,110000,132.6,9.3,11226
1mashin.ir,16500,84.0,1.3,10741
shadab_teb,11000,70.3,0.5,10973
azam._.azizi,38500,1080.0,79.4,10742
tehranfouri,55000,225.6,2.6,11373
Game.of.thrones9892,27500,7.2,0.0,109
shicnews,22000,848.7,24.9,8365
ho3yn_m,7700,527.1,1.9,10492
__fc.sandwiiiich__,55000,42.5,18.6,27193
civilx7,16500,474.5,68.8,18783
tamrino.ir,330000,15.1,0.2,10264
pakdashttfori,66000,1935.6,76.0,23450
hypersport.ir,132000,553.4,8.3,12550
saharshadloo,77000,708.4,6.4,10358
tehranruby,33000,125.4,2.6,10817
Ng_farahani,16500,389.2,26.8,9983
idea_banoo20,60500,520.2,20.7,111348
Kafsharzan_99,165000,74.1,10.7,12400
younestorabi__,55000,1092.9,10.2,11982
Mehdi_mohammadiyan2,110000,197.4,13.8,9879
yasamanhyy,275000,20.0,8.6,9765
sahra__bano,66000,81.4,0.1,9264
braincastmedia,1100000,486.8,33.4,13854
Paki.club,110000,166.5,13.2,8722
motor4charkh.markazi,110000,182.5,23.5,10396
moomayneh,44000,118.2,0.7,8814
mohammadii_mr,55000,789.6,19.6,8019
1fafa,12100,116.4,13.0,8065
iriweather,22000,250.4,7.1,8650
ashpaziibama,110000,58.5,1.1,8266
majidkazemikashan,3300,109.7,3.3,8088
kishnama,55000,16.9,1.6,12644
bazar_ahar,9900,198.2,2.2,8462
tajhizyaragh,220000,370.6,41.9,10929
Khayati_shahroo,55000,819.0,7.8,7939
pw.mohsen,99000,704.8,58.4,9256
foodsetup.ir,55000,42.4,1.1,6503
kamiyontv,27500,223.8,6.3,7676
ahlekomak,22000,37.8,1.8,6642
amirhosseindehghan1,110000,62.8,6.4,6679
iranianforum,220000,138.5,20.7,7447
srbiau_students,88000,292.9,5.2,12688
cafegardi_tehran,88000,637.7,130.3,7532
Thehamedrajabi,330000,473.7,19.0,10614
academykazemi,20900,40.3,2.6,6245
Shiraz_surpris,165000,442.8,121.7,10417
afouscity,44000,883.3,27.2,7306
Rashasaze.ir,4400,95.8,5.4,6739
kiau_daneshjoo,88000,299.7,7.1,11103
mrcodeir,55000,722.2,9.9,5085
quizonline24.ir,5500,49.6,3.3,5208
darolfunun,220000,117.3,23.9,10403
Epol.ir,22000,97.2,3.3,5446
Viladiba1,11000,65.8,7.5,6605
abzarnejat,55000,97.7,2.7,5229
zounkan.fitness,33000,916.5,39.8,4098
iotjournal.ir,33000,107.0,1.0,6387
esfahancenter,55000,811.4,18.3,11940
